Invoice_Id,Branch,City,Customer_Type,Gender,Product_Line,Unit_Price,Quantity,Tax_5%,Sales,Date,Payment,Cogs,Gross_Income,Rating,Year,Month,Day,Satisfied
746-04-1077,Cairo,Mandalay,Member,Female,Food and beverages,84.63,10,42.315,888.615,2019-01-01,Credit Card,846.3,42.315,9.0,2019,1,1,Satisfied
182-52-7000,Alex,Yangon,Member,Female,Sports and travel,27.04,4,5.408,113.568,2019-01-01,Ewallet,108.16,5.408,6.9,2019,1,1,Not Satisfied
651-88-7328,Alex,Yangon,Normal,Female,Fashion accessories,65.74,9,29.583,621.243,2019-01-01,Cash,591.66,29.583,7.7,2019,1,1,Satisfied
765-26-6951,Alex,Yangon,Member,Female,Sports and travel,72.61,6,21.783,457.443,2019-01-01,Credit Card,435.66,21.783,6.9,2019,1,1,Not Satisfied
770-42-8960,Cairo,Mandalay,Normal,Male,Food and beverages,21.12,8,8.448,177.408,2019-01-01,Cash,168.96,8.448,6.3,2019,1,1,Not Satisfied
891-01-7034,Cairo,Mandalay,Normal,Female,Electronic accessories,74.71,6,22.413,470.673,2019-01-01,Cash,448.26,22.413,6.7,2019,1,1,Not Satisfied
133-14-7229,Giza,Naypyitaw,Normal,Male,Health and beauty,62.87,2,6.287,132.027,2019-01-01,Cash,125.74,6.287,5.0,2019,1,1,Not Satisfied
530-90-9855,Alex,Yangon,Member,Male,Home and lifestyle,47.59,8,19.036,399.756,2019-01-01,Cash,380.72,19.036,5.7,2019,1,1,Not Satisfied
416-17-9926,Alex,Yangon,Member,Female,Electronic accessories,74.22,10,37.11,779.31,2019-01-01,Credit Card,742.2,37.11,4.3,2019,1,1,Not Satisfied
493-65-6248,Giza,Naypyitaw,Member,Female,Sports and travel,36.98,10,18.49,388.29,2019-01-01,Credit Card,369.8,18.49,7.0,2019,1,1,Satisfied
556-97-7101,Giza,Naypyitaw,Normal,Female,Electronic accessories,63.22,2,6.322,132.762,2019-01-01,Cash,126.44,6.322,8.5,2019,1,1,Satisfied
271-77-8740,Giza,Naypyitaw,Member,Female,Sports and travel,29.22,6,8.766,184.086,2019-01-01,Ewallet,175.32,8.766,5.0,2019,1,1,Not Satisfied
446-47-6729,Giza,Naypyitaw,Normal,Male,Fashion accessories,99.82,2,9.982,209.622,2019-01-02,Credit Card,199.64,9.982,6.7,2019,1,2,Not Satisfied
504-35-8843,Alex,Yangon,Member,Female,Sports and travel,42.47,1,2.1235,44.5935,2019-01-02,Cash,42.47,2.1235,5.7,2019,1,2,Not Satisfied
345-68-9016,Giza,Naypyitaw,Member,Female,Sports and travel,31.67,8,12.668,266.028,2019-01-02,Credit Card,253.36,12.668,5.6,2019,1,2,Not Satisfied
712-39-0363,Alex,Yangon,Member,Male,Food and beverages,41.66,6,12.498,262.458,2019-01-02,Ewallet,249.96,12.498,5.6,2019,1,2,Not Satisfied
670-71-7306,Cairo,Mandalay,Normal,Male,Sports and travel,44.63,6,13.389,281.169,2019-01-02,Credit Card,267.78,13.389,5.1,2019,1,2,Not Satisfied
744-09-5786,Cairo,Mandalay,Normal,Male,Electronic accessories,22.01,6,6.603,138.663,2019-01-02,Cash,132.06,6.603,7.6,2019,1,2,Satisfied
198-84-7132,Cairo,Mandalay,Member,Male,Fashion accessories,40.61,9,18.2745,383.7645,2019-01-02,Cash,365.49,18.2745,7.0,2019,1,2,Satisfied
244-08-0162,Cairo,Mandalay,Normal,Female,Health and beauty,34.21,10,17.105,359.205,2019-01-02,Cash,342.1,17.105,5.1,2019,1,2,Not Satisfied
501-61-1753,Cairo,Mandalay,Normal,Female,Home and lifestyle,63.15,6,18.945,397.845,2019-01-03,Ewallet,378.9,18.945,9.8,2019,1,3,Satisfied
875-31-8302,Cairo,Mandalay,Normal,Male,Sports and travel,93.38,1,4.669,98.049,2019-01-03,Cash,93.38,4.669,9.6,2019,1,3,Satisfied
343-87-0864,Giza,Naypyitaw,Member,Male,Health and beauty,75.88,1,3.794,79.674,2019-01-03,Credit Card,75.88,3.794,7.1,2019,1,3,Satisfied
687-15-1097,Giza,Naypyitaw,Member,Female,Health and beauty,21.12,2,2.112,44.352,2019-01-03,Cash,42.24,2.112,9.7,2019,1,3,Satisfied
749-24-1565,Alex,Yangon,Normal,Female,Health and beauty,23.03,9,10.3635,217.6335,2019-01-03,Ewallet,207.27,10.3635,7.9,2019,1,3,Satisfied
249-42-3782,Alex,Yangon,Normal,Male,Health and beauty,70.01,5,17.5025,367.5525,2019-01-03,Ewallet,350.05,17.5025,5.5,2019,1,3,Not Satisfied
552-44-5977,Cairo,Mandalay,Member,Male,Health and beauty,62.0,8,24.8,520.8,2019-01-03,Credit Card,496.0,24.8,6.2,2019,1,3,Not Satisfied
422-29-8786,Alex,Yangon,Normal,Female,Home and lifestyle,67.09,5,16.7725,352.2225,2019-01-03,Credit Card,335.45,16.7725,9.1,2019,1,3,Satisfied
132-23-6451,Alex,Yangon,Member,Male,Health and beauty,20.97,5,5.2425,110.0925,2019-01-04,Cash,104.85,5.2425,7.8,2019,1,4,Satisfied
725-32-9708,Cairo,Mandalay,Member,Female,Fashion accessories,68.71,4,13.742,288.582,2019-01-04,Cash,274.84,13.742,4.1,2019,1,4,Not Satisfied
656-16-1063,Cairo,Mandalay,Normal,Male,Sports and travel,46.42,3,6.963,146.223,2019-01-04,Credit Card,139.26,6.963,4.4,2019,1,4,Not Satisfied
279-74-2924,Cairo,Mandalay,Member,Male,Electronic accessories,72.17,1,3.6085,75.7785,2019-01-04,Cash,72.17,3.6085,6.1,2019,1,4,Not Satisfied
731-14-2199,Alex,Yangon,Member,Female,Home and lifestyle,35.54,10,17.77,373.17,2019-01-04,Ewallet,355.4,17.77,7.0,2019,1,4,Satisfied
672-51-8681,Giza,Naypyitaw,Member,Female,Electronic accessories,66.65,9,29.9925,629.8425,2019-01-04,Credit Card,599.85,29.9925,9.7,2019,1,4,Satisfied
489-82-1237,Alex,Yangon,Normal,Female,Electronic accessories,93.88,7,32.858,690.018,2019-01-05,Credit Card,657.16,32.858,7.3,2019,1,5,Satisfied
750-67-8428,Alex,Yangon,Member,Female,Health and beauty,74.69,7,26.1415,548.9715,2019-01-05,Ewallet,522.83,26.1415,9.1,2019,1,5,Satisfied
628-34-3388,Giza,Naypyitaw,Member,Female,Fashion accessories,27.38,6,8.214,172.494,2019-01-05,Credit Card,164.28,8.214,7.9,2019,1,5,Satisfied
841-18-8232,Cairo,Mandalay,Normal,Female,Food and beverages,71.2,1,3.56,74.76,2019-01-05,Credit Card,71.2,3.56,9.2,2019,1,5,Satisfied
801-88-0346,Giza,Naypyitaw,Normal,Female,Fashion accessories,54.795,3,11.409,239.589,2019-01-05,Credit Card,228.18,11.409,9.8,2019,1,5,Satisfied
339-12-4827,Cairo,Mandalay,Member,Female,Fashion accessories,73.96,1,3.698,77.658,2019-01-05,Credit Card,73.96,3.698,5.0,2019,1,5,Not Satisfied
433-08-7822,Giza,Naypyitaw,Normal,Female,Health and beauty,78.89,7,27.6115,579.8415,2019-01-05,Ewallet,552.23,27.6115,7.5,2019,1,5,Satisfied
209-61-0206,Alex,Yangon,Normal,Female,Home and lifestyle,42.91,5,10.7275,225.2775,2019-01-05,Ewallet,214.55,10.7275,6.1,2019,1,5,Not Satisfied
217-58-1179,Alex,Yangon,Member,Male,Home and lifestyle,62.65,4,12.53,263.13,2019-01-05,Cash,250.6,12.53,4.2,2019,1,5,Not Satisfied
843-01-4703,Cairo,Mandalay,Member,Female,Home and lifestyle,35.38,9,15.921,334.341,2019-01-05,Credit Card,318.42,15.921,9.6,2019,1,5,Satisfied
573-98-8548,Giza,Naypyitaw,Member,Female,Fashion accessories,31.9,1,1.595,33.495,2019-01-05,Ewallet,31.9,1.595,9.1,2019,1,5,Satisfied
144-51-6085,Alex,Yangon,Member,Male,Home and lifestyle,70.74,4,14.148,297.108,2019-01-05,Credit Card,282.96,14.148,4.4,2019,1,5,Not Satisfied
846-10-0341,Alex,Yangon,Normal,Female,Fashion accessories,42.57,7,14.8995,312.8895,2019-01-06,Cash,297.99,14.8995,6.8,2019,1,6,Not Satisfied
852-82-2749,Alex,Yangon,Normal,Male,Sports and travel,64.59,4,12.918,271.278,2019-01-06,Ewallet,258.36,12.918,9.3,2019,1,6,Satisfied
834-25-9262,Giza,Naypyitaw,Normal,Female,Fashion accessories,81.68,4,16.336,343.056,2019-01-06,Cash,326.72,16.336,9.1,2019,1,6,Satisfied
729-06-2010,Cairo,Mandalay,Member,Male,Health and beauty,80.47,9,36.2115,760.4415,2019-01-06,Cash,724.23,36.2115,9.2,2019,1,6,Satisfied
826-58-8051,Cairo,Mandalay,Normal,Male,Home and lifestyle,62.19,4,12.438,261.198,2019-01-06,Ewallet,248.76,12.438,4.3,2019,1,6,Not Satisfied
490-29-1201,Alex,Yangon,Normal,Female,Sports and travel,15.34,1,0.767,16.107,2019-01-06,Cash,15.34,0.767,6.5,2019,1,6,Not Satisfied
704-11-6354,Alex,Yangon,Member,Male,Home and lifestyle,58.9,8,23.56,494.76,2019-01-06,Cash,471.2,23.56,8.9,2019,1,6,Satisfied
393-65-2792,Giza,Naypyitaw,Member,Female,Food and beverages,89.48,10,44.74,253.512,2019-01-06,Credit Card,894.8,44.74,9.6,2019,1,6,Satisfied
662-72-2873,Alex,Yangon,Normal,Female,Food and beverages,40.94,5,10.235,214.935,2019-01-06,Ewallet,204.7,10.235,9.9,2019,1,6,Satisfied
126-54-1082,Alex,Yangon,Member,Female,Home and lifestyle,21.54,9,9.693,203.553,2019-01-07,Credit Card,193.86,9.693,8.8,2019,1,7,Satisfied
390-31-6381,Giza,Naypyitaw,Normal,Male,Food and beverages,27.22,3,4.083,85.743,2019-01-07,Cash,81.66,4.083,7.3,2019,1,7,Satisfied
109-28-2512,Cairo,Mandalay,Member,Female,Fashion accessories,97.61,6,29.283,253.512,2019-01-07,Ewallet,585.66,29.283,9.9,2019,1,7,Satisfied
526-86-8552,Giza,Naypyitaw,Member,Female,Home and lifestyle,21.82,10,10.91,229.11,2019-01-07,Cash,218.2,10.91,7.1,2019,1,7,Satisfied
799-71-1548,Alex,Yangon,Member,Male,Electronic accessories,77.72,4,15.544,326.424,2019-01-07,Credit Card,310.88,15.544,8.8,2019,1,7,Satisfied
232-16-2483,Giza,Naypyitaw,Member,Female,Sports and travel,68.12,1,3.406,71.526,2019-01-07,Ewallet,68.12,3.406,6.8,2019,1,7,Not Satisfied
889-04-9723,Cairo,Mandalay,Member,Female,Food and beverages,89.14,4,17.828,374.388,2019-01-07,Credit Card,356.56,17.828,7.8,2019,1,7,Satisfied
566-19-5475,Cairo,Mandalay,Normal,Male,Fashion accessories,47.97,7,16.7895,352.5795,2019-01-07,Cash,335.79,16.7895,6.2,2019,1,7,Not Satisfied
541-48-8554,Alex,Yangon,Normal,Male,Sports and travel,60.95,9,27.4275,575.9775,2019-01-07,Credit Card,548.55,27.4275,6.0,2019,1,7,Not Satisfied
387-49-4215,Cairo,Mandalay,Member,Female,Sports and travel,48.5,3,7.275,152.775,2019-01-08,Cash,145.5,7.275,6.7,2019,1,8,Not Satisfied
767-97-4650,Cairo,Mandalay,Member,Female,Sports and travel,64.83,2,6.483,136.143,2019-01-08,Credit Card,129.66,6.483,8.0,2019,1,8,Satisfied
241-96-5076,Cairo,Mandalay,Member,Female,Home and lifestyle,49.1,2,4.91,103.11,2019-01-08,Credit Card,98.2,4.91,6.4,2019,1,8,Not Satisfied
674-15-9296,Alex,Yangon,Normal,Male,Sports and travel,37.14,5,9.285,194.985,2019-01-08,Ewallet,185.7,9.285,5.0,2019,1,8,Not Satisfied
571-94-0759,Cairo,Mandalay,Member,Female,Food and beverages,74.6,10,37.3,783.3,2019-01-08,Cash,746.0,37.3,9.5,2019,1,8,Satisfied
845-94-6841,Giza,Naypyitaw,Member,Female,Food and beverages,72.88,9,32.796,688.716,2019-01-08,Cash,655.92,32.796,4.0,2019,1,8,Not Satisfied
490-95-0021,Cairo,Mandalay,Member,Female,Food and beverages,33.21,10,16.605,348.705,2019-01-08,Ewallet,332.1,16.605,6.0,2019,1,8,Not Satisfied
257-60-7754,Alex,Yangon,Normal,Female,Electronic accessories,50.23,4,10.046,210.966,2019-01-08,Cash,200.92,10.046,9.0,2019,1,8,Satisfied
840-76-5966,Alex,Yangon,Member,Male,Sports and travel,12.76,2,1.276,26.796,2019-01-08,Ewallet,25.52,1.276,7.8,2019,1,8,Satisfied
750-57-9686,Giza,Naypyitaw,Normal,Female,Home and lifestyle,45.38,4,9.076,190.596,2019-01-08,Credit Card,181.52,9.076,8.7,2019,1,8,Satisfied
124-31-1458,Alex,Yangon,Member,Female,Electronic accessories,79.59,3,11.9385,250.7085,2019-01-08,Cash,238.77,11.9385,6.6,2019,1,8,Not Satisfied
484-22-8230,Giza,Naypyitaw,Member,Female,Fashion accessories,51.89,7,18.1615,381.3915,2019-01-08,Cash,363.23,18.1615,4.5,2019,1,8,Not Satisfied
189-08-9157,Giza,Naypyitaw,Member,Female,Fashion accessories,31.73,9,14.2785,299.8485,2019-01-08,Credit Card,285.57,14.2785,5.9,2019,1,8,Not Satisfied
663-86-9076,Giza,Naypyitaw,Member,Female,Food and beverages,68.54,8,27.416,575.736,2019-01-08,Ewallet,548.32,27.416,8.5,2019,1,8,Satisfied
631-34-1880,Giza,Naypyitaw,Member,Male,Food and beverages,24.31,3,3.6465,76.5765,2019-01-08,Credit Card,72.93,3.6465,4.3,2019,1,8,Not Satisfied
457-13-1708,Cairo,Mandalay,Member,Male,Fashion accessories,65.23,10,32.615,684.915,2019-01-08,Credit Card,652.3,32.615,5.2,2019,1,8,Not Satisfied
442-44-6497,Giza,Naypyitaw,Member,Male,Home and lifestyle,55.57,3,8.3355,175.0455,2019-01-08,Credit Card,166.71,8.3355,5.9,2019,1,8,Not Satisfied
192-98-7397,Giza,Naypyitaw,Normal,Male,Fashion accessories,12.78,1,0.639,13.419,2019-01-08,Ewallet,12.78,0.639,9.5,2019,1,8,Satisfied
867-47-1948,Giza,Naypyitaw,Normal,Female,Home and lifestyle,15.8,10,7.9,165.9,2019-01-09,Cash,158.0,7.9,7.8,2019,1,9,Satisfied
370-96-0655,Giza,Naypyitaw,Normal,Female,Fashion accessories,49.32,6,14.796,310.716,2019-01-09,Ewallet,295.92,14.796,7.1,2019,1,9,Satisfied
554-42-2417,Giza,Naypyitaw,Normal,Female,Sports and travel,95.44,10,47.72,1002.12,2019-01-09,Cash,954.4,47.72,5.2,2019,1,9,Not Satisfied
189-40-5216,Giza,Naypyitaw,Normal,Male,Electronic accessories,96.37,7,33.7295,708.3195,2019-01-09,Cash,674.59,33.7295,6.0,2019,1,9,Not Satisfied
343-75-9322,Cairo,Mandalay,Member,Female,Sports and travel,11.85,8,4.74,99.54,2019-01-09,Cash,94.8,4.74,4.1,2019,1,9,Not Satisfied
288-62-1085,Alex,Yangon,Member,Male,Fashion accessories,38.54,5,9.635,202.335,2019-01-09,Ewallet,192.7,9.635,5.6,2019,1,9,Not Satisfied
305-89-2768,Cairo,Mandalay,Member,Female,Home and lifestyle,21.9,3,3.285,68.985,2019-01-09,Ewallet,65.7,3.285,4.7,2019,1,9,Not Satisfied
263-10-3913,Giza,Naypyitaw,Member,Female,Fashion accessories,49.04,9,22.068,463.428,2019-01-09,Credit Card,441.36,22.068,8.6,2019,1,9,Satisfied
640-49-2076,Cairo,Mandalay,Member,Female,Sports and travel,83.78,8,33.512,703.752,2019-01-10,Cash,670.24,33.512,5.1,2019,1,10,Not Satisfied
241-11-2261,Cairo,Mandalay,Normal,Female,Fashion accessories,79.86,7,27.951,586.971,2019-01-10,Credit Card,559.02,27.951,5.5,2019,1,10,Not Satisfied
873-51-0671,Alex,Yangon,Member,Female,Sports and travel,21.98,7,7.693,161.553,2019-01-10,Ewallet,153.86,7.693,5.1,2019,1,10,Not Satisfied
603-07-0961,Giza,Naypyitaw,Member,Male,Electronic accessories,74.79,5,18.6975,392.6475,2019-01-10,Cash,373.95,18.6975,4.9,2019,1,10,Not Satisfied
577-34-7579,Giza,Naypyitaw,Member,Male,Food and beverages,50.49,9,22.7205,477.1305,2019-01-10,Cash,454.41,22.7205,5.4,2019,1,10,Not Satisfied
226-34-0034,Cairo,Mandalay,Normal,Female,Electronic accessories,13.78,4,2.756,57.876,2019-01-10,Ewallet,55.12,2.756,9.0,2019,1,10,Satisfied
887-42-0517,Giza,Naypyitaw,Normal,Female,Sports and travel,83.14,7,29.099,611.079,2019-01-10,Credit Card,581.98,29.099,6.6,2019,1,10,Not Satisfied
744-02-5987,Alex,Yangon,Member,Male,Home and lifestyle,78.38,6,23.514,493.794,2019-01-10,Ewallet,470.28,23.514,5.8,2019,1,10,Not Satisfied
130-67-4723,Alex,Yangon,Member,Male,Food and beverages,48.5,6,14.55,305.55,2019-01-11,Ewallet,291.0,14.55,9.4,2019,1,11,Satisfied
746-68-6593,Giza,Naypyitaw,Member,Female,Sports and travel,87.16,2,8.716,183.036,2019-01-11,Credit Card,174.32,8.716,9.7,2019,1,11,Satisfied
592-46-1692,Giza,Naypyitaw,Member,Female,Food and beverages,36.77,7,12.8695,270.2595,2019-01-11,Cash,257.39,12.8695,7.4,2019,1,11,Satisfied
406-46-7107,Alex,Yangon,Normal,Female,Home and lifestyle,54.795,6,28.956,608.076,2019-01-11,Cash,579.12,28.956,4.5,2019,1,11,Not Satisfied
540-11-4336,Alex,Yangon,Normal,Male,Food and beverages,24.94,9,11.223,235.683,2019-01-11,Credit Card,224.46,11.223,5.6,2019,1,11,Not Satisfied
478-06-7835,Alex,Yangon,Normal,Male,Fashion accessories,89.69,1,4.4845,94.1745,2019-01-11,Ewallet,89.69,4.4845,4.9,2019,1,11,Not Satisfied
289-15-7034,Alex,Yangon,Member,Male,Sports and travel,82.33,4,16.466,345.786,2019-01-11,Credit Card,329.32,16.466,7.5,2019,1,11,Satisfied
732-67-5346,Alex,Yangon,Normal,Male,Food and beverages,13.79,5,3.4475,72.3975,2019-01-11,Credit Card,68.95,3.4475,7.8,2019,1,11,Satisfied
751-15-6198,Cairo,Mandalay,Normal,Male,Sports and travel,23.01,6,6.903,144.963,2019-01-12,Ewallet,138.06,6.903,7.9,2019,1,12,Satisfied
659-36-1684,Giza,Naypyitaw,Member,Female,Sports and travel,57.12,7,19.992,419.832,2019-01-12,Credit Card,399.84,19.992,6.5,2019,1,12,Not Satisfied
751-41-9720,Giza,Naypyitaw,Normal,Male,Home and lifestyle,97.5,10,48.75,1023.75,2019-01-12,Ewallet,975.0,48.75,8.0,2019,1,12,Satisfied
704-48-3927,Alex,Yangon,Member,Female,Electronic accessories,88.67,10,44.335,931.035,2019-01-12,Ewallet,886.7,44.335,7.3,2019,1,12,Satisfied
296-11-7041,Cairo,Mandalay,Member,Female,Health and beauty,27.07,1,1.3535,28.4235,2019-01-12,Credit Card,27.07,1.3535,5.3,2019,1,12,Not Satisfied
533-66-5566,Cairo,Mandalay,Normal,Female,Home and lifestyle,51.07,7,17.8745,375.3645,2019-01-12,Cash,357.49,17.8745,7.0,2019,1,12,Satisfied
381-20-0914,Alex,Yangon,Member,Female,Fashion accessories,20.01,9,9.0045,189.0945,2019-01-12,Credit Card,180.09,9.0045,5.7,2019,1,12,Not Satisfied
197-77-7132,Cairo,Mandalay,Member,Male,Electronic accessories,91.56,8,36.624,769.104,2019-01-12,Ewallet,732.48,36.624,6.0,2019,1,12,Not Satisfied
852-62-7105,Cairo,Mandalay,Normal,Female,Fashion accessories,83.25,10,41.625,874.125,2019-01-12,Credit Card,832.5,41.625,4.4,2019,1,12,Not Satisfied
647-50-1224,Alex,Yangon,Normal,Female,Fashion accessories,29.42,10,14.71,308.91,2019-01-12,Ewallet,294.2,14.71,8.9,2019,1,12,Satisfied
848-07-1692,Cairo,Mandalay,Normal,Female,Health and beauty,57.22,2,5.722,120.162,2019-01-12,Ewallet,114.44,5.722,8.3,2019,1,12,Satisfied
459-50-7686,Alex,Yangon,Normal,Female,Electronic accessories,23.46,6,7.038,147.798,2019-01-13,Ewallet,140.76,7.038,6.4,2019,1,13,Not Satisfied
327-40-9673,Cairo,Mandalay,Member,Male,Sports and travel,72.6,6,21.78,457.38,2019-01-13,Cash,435.6,21.78,6.9,2019,1,13,Not Satisfied
339-38-9982,Cairo,Mandalay,Member,Male,Fashion accessories,59.86,2,5.986,125.706,2019-01-13,Ewallet,119.72,5.986,6.7,2019,1,13,Not Satisfied
556-86-3144,Giza,Naypyitaw,Member,Female,Fashion accessories,74.29,1,3.7145,78.0045,2019-01-13,Cash,74.29,3.7145,5.0,2019,1,13,Not Satisfied
397-25-8725,Alex,Yangon,Member,Female,Health and beauty,39.62,9,17.829,374.409,2019-01-13,Credit Card,356.58,17.829,6.8,2019,1,13,Not Satisfied
732-94-0499,Giza,Naypyitaw,Member,Female,Electronic accessories,41.65,10,20.825,437.325,2019-01-13,Credit Card,416.5,20.825,5.4,2019,1,13,Not Satisfied
195-06-0432,Alex,Yangon,Member,Male,Home and lifestyle,81.01,3,12.1515,255.1815,2019-01-13,Credit Card,243.03,12.1515,9.3,2019,1,13,Satisfied
355-34-6244,Cairo,Mandalay,Normal,Male,Food and beverages,72.39,2,7.239,152.019,2019-01-13,Credit Card,144.78,7.239,8.1,2019,1,13,Satisfied
784-08-0310,Giza,Naypyitaw,Member,Female,Food and beverages,21.04,4,4.208,88.368,2019-01-13,Cash,84.16,4.208,7.6,2019,1,13,Satisfied
460-93-5834,Alex,Yangon,Normal,Male,Sports and travel,45.58,7,15.953,335.013,2019-01-13,Cash,319.06,15.953,5.0,2019,1,13,Not Satisfied
704-10-4056,Giza,Naypyitaw,Member,Male,Health and beauty,60.47,3,9.0705,190.4805,2019-01-14,Credit Card,181.41,9.0705,5.6,2019,1,14,Not Satisfied
451-73-2711,Giza,Naypyitaw,Normal,Male,Food and beverages,84.83,1,4.2415,89.0715,2019-01-14,Ewallet,84.83,4.2415,8.8,2019,1,14,Satisfied
559-61-5987,Cairo,Mandalay,Normal,Female,Health and beauty,17.75,1,0.8875,18.6375,2019-01-14,Cash,17.75,0.8875,8.6,2019,1,14,Satisfied
377-79-7592,Giza,Naypyitaw,Member,Female,Electronic accessories,44.84,9,20.178,423.738,2019-01-14,Credit Card,403.56,20.178,7.5,2019,1,14,Satisfied
592-34-6155,Giza,Naypyitaw,Normal,Male,Food and beverages,31.77,4,6.354,133.434,2019-01-14,Ewallet,127.08,6.354,6.2,2019,1,14,Not Satisfied
868-52-7573,Cairo,Mandalay,Normal,Female,Food and beverages,99.69,5,24.9225,523.3725,2019-01-14,Cash,498.45,24.9225,9.9,2019,1,14,Satisfied
658-66-3967,Giza,Naypyitaw,Normal,Male,Health and beauty,53.19,7,18.6165,390.9465,2019-01-14,Ewallet,372.33,18.6165,5.0,2019,1,14,Not Satisfied
785-13-7708,Cairo,Mandalay,Normal,Male,Food and beverages,73.06,7,25.571,536.991,2019-01-14,Credit Card,511.42,25.571,4.2,2019,1,14,Not Satisfied
667-23-5919,Alex,Yangon,Member,Female,Fashion accessories,96.7,5,24.175,507.675,2019-01-14,Ewallet,483.5,24.175,7.0,2019,1,14,Satisfied
588-47-8641,Alex,Yangon,Member,Male,Fashion accessories,56.04,10,28.02,588.42,2019-01-14,Ewallet,560.4,28.02,4.4,2019,1,14,Not Satisfied
320-85-2052,Cairo,Mandalay,Normal,Female,Sports and travel,34.81,1,1.7405,36.5505,2019-01-14,Credit Card,34.81,1.7405,7.0,2019,1,14,Satisfied
426-39-2418,Giza,Naypyitaw,Normal,Male,Electronic accessories,61.41,7,21.4935,451.3635,2019-01-14,Cash,429.87,21.4935,9.8,2019,1,14,Satisfied
359-90-3665,Cairo,Mandalay,Member,Female,Fashion accessories,18.08,4,3.616,75.936,2019-01-14,Credit Card,72.32,3.616,9.5,2019,1,14,Satisfied
314-23-4520,Giza,Naypyitaw,Member,Male,Health and beauty,81.23,7,28.4305,597.0405,2019-01-15,Cash,568.61,28.4305,9.0,2019,1,15,Satisfied
272-65-1806,Alex,Yangon,Member,Female,Electronic accessories,60.88,9,27.396,575.316,2019-01-15,Ewallet,547.92,27.396,4.7,2019,1,15,Not Satisfied
886-54-6089,Alex,Yangon,Normal,Female,Home and lifestyle,54.795,6,3.429,72.009,2019-01-15,Cash,68.58,3.429,7.7,2019,1,15,Satisfied
369-82-2676,Cairo,Mandalay,Normal,Male,Electronic accessories,75.66,5,18.915,397.215,2019-01-15,Ewallet,378.3,18.915,7.8,2019,1,15,Satisfied
660-29-7083,Giza,Naypyitaw,Normal,Male,Electronic accessories,55.87,10,27.935,586.635,2019-01-15,Cash,558.7,27.935,5.8,2019,1,15,Not Satisfied
437-58-8131,Cairo,Mandalay,Normal,Female,Fashion accessories,73.52,2,7.352,154.392,2019-01-15,Ewallet,147.04,7.352,4.6,2019,1,15,Not Satisfied
188-55-0967,Cairo,Mandalay,Member,Male,Health and beauty,66.47,10,33.235,697.935,2019-01-15,Credit Card,664.7,33.235,5.0,2019,1,15,Not Satisfied
301-11-9629,Alex,Yangon,Normal,Female,Sports and travel,19.1,7,6.685,140.385,2019-01-15,Cash,133.7,6.685,9.7,2019,1,15,Satisfied
138-17-5109,Alex,Yangon,Member,Female,Home and lifestyle,89.21,9,40.1445,843.0345,2019-01-15,Credit Card,802.89,40.1445,6.5,2019,1,15,Not Satisfied
450-28-2866,Giza,Naypyitaw,Member,Male,Food and beverages,17.44,5,4.36,91.56,2019-01-15,Cash,87.2,4.36,8.1,2019,1,15,Satisfied
744-16-7898,Cairo,Mandalay,Normal,Female,Home and lifestyle,97.37,10,48.685,1022.385,2019-01-15,Credit Card,973.7,48.685,4.9,2019,1,15,Not Satisfied
589-02-8023,Alex,Yangon,Member,Male,Food and beverages,83.77,2,8.377,175.917,2019-01-15,Credit Card,167.54,8.377,7.0,2019,1,15,Satisfied
618-34-8551,Alex,Yangon,Normal,Female,Sports and travel,93.18,2,9.318,195.678,2019-01-16,Credit Card,186.36,9.318,8.5,2019,1,16,Satisfied
659-65-8956,Cairo,Mandalay,Member,Female,Fashion accessories,51.36,1,2.568,53.928,2019-01-16,Ewallet,51.36,2.568,5.2,2019,1,16,Not Satisfied
648-83-1321,Alex,Yangon,Member,Male,Home and lifestyle,63.56,10,31.78,667.38,2019-01-16,Cash,635.6,31.78,4.3,2019,1,16,Not Satisfied
842-29-4695,Giza,Naypyitaw,Member,Male,Sports and travel,17.14,7,5.999,125.979,2019-01-16,Credit Card,119.98,5.999,7.9,2019,1,16,Satisfied
372-62-5264,Giza,Naypyitaw,Normal,Female,Food and beverages,52.6,9,23.67,497.07,2019-01-16,Cash,473.4,23.67,7.6,2019,1,16,Satisfied
677-11-0152,Giza,Naypyitaw,Normal,Female,Food and beverages,93.26,9,41.967,881.307,2019-01-16,Cash,839.34,41.967,8.8,2019,1,16,Satisfied
859-71-0933,Giza,Naypyitaw,Member,Female,Sports and travel,15.49,2,1.549,32.529,2019-01-16,Cash,30.98,1.549,6.3,2019,1,16,Not Satisfied
286-62-6248,Cairo,Mandalay,Normal,Male,Fashion accessories,39.21,4,7.842,164.682,2019-01-16,Credit Card,156.84,7.842,9.0,2019,1,16,Satisfied
347-72-6115,Cairo,Mandalay,Member,Female,Sports and travel,90.74,7,31.759,666.939,2019-01-16,Credit Card,635.18,31.759,6.2,2019,1,16,Not Satisfied
234-65-2137,Giza,Naypyitaw,Normal,Male,Home and lifestyle,95.58,10,47.79,1003.59,2019-01-16,Cash,955.8,47.79,4.8,2019,1,16,Not Satisfied
497-37-6538,Alex,Yangon,Normal,Male,Sports and travel,58.91,7,20.6185,432.9885,2019-01-17,Ewallet,412.37,20.6185,9.7,2019,1,17,Satisfied
280-35-5823,Cairo,Mandalay,Member,Female,Home and lifestyle,86.72,1,4.336,91.056,2019-01-17,Ewallet,86.72,4.336,7.9,2019,1,17,Satisfied
101-81-4070,Giza,Naypyitaw,Member,Female,Health and beauty,62.82,2,6.282,131.922,2019-01-17,Ewallet,125.64,6.282,4.9,2019,1,17,Not Satisfied
746-54-5508,Alex,Yangon,Normal,Male,Home and lifestyle,21.52,6,6.456,135.576,2019-01-17,Credit Card,129.12,6.456,9.4,2019,1,17,Satisfied
679-22-6530,Cairo,Mandalay,Normal,Female,Sports and travel,40.62,2,4.062,85.302,2019-01-17,Credit Card,81.24,4.062,4.1,2019,1,17,Not Satisfied
600-38-9738,Giza,Naypyitaw,Member,Male,Sports and travel,71.92,5,17.98,377.58,2019-01-17,Credit Card,359.6,17.98,4.3,2019,1,17,Not Satisfied
200-16-5952,Giza,Naypyitaw,Member,Male,Food and beverages,54.795,2,6.565,137.865,2019-01-17,Cash,131.3,6.565,6.0,2019,1,17,Not Satisfied
698-98-5964,Alex,Yangon,Normal,Female,Food and beverages,81.21,10,40.605,852.705,2019-01-17,Credit Card,812.1,40.605,6.3,2019,1,17,Not Satisfied
670-79-6321,Cairo,Mandalay,Member,Female,Home and lifestyle,94.59,7,33.1065,695.2365,2019-01-17,Credit Card,662.13,33.1065,4.9,2019,1,17,Not Satisfied
445-30-9252,Alex,Yangon,Normal,Male,Sports and travel,25.7,3,3.855,80.955,2019-01-17,Ewallet,77.1,3.855,6.1,2019,1,17,Not Satisfied
349-97-8902,Cairo,Mandalay,Member,Male,Food and beverages,57.89,2,5.789,121.569,2019-01-17,Ewallet,115.78,5.789,8.9,2019,1,17,Satisfied
562-12-5430,Alex,Yangon,Member,Female,Fashion accessories,88.15,3,13.2225,277.6725,2019-01-18,Ewallet,264.45,13.2225,7.9,2019,1,18,Satisfied
414-12-7047,Cairo,Mandalay,Normal,Male,Food and beverages,19.79,8,7.916,166.236,2019-01-18,Ewallet,158.32,7.916,8.7,2019,1,18,Satisfied
622-20-1945,Giza,Naypyitaw,Normal,Female,Health and beauty,39.42,1,1.971,41.391,2019-01-18,Cash,39.42,1.971,8.4,2019,1,18,Satisfied
781-84-8059,Giza,Naypyitaw,Normal,Male,Fashion accessories,60.74,7,21.259,446.439,2019-01-18,Ewallet,425.18,21.259,5.0,2019,1,18,Not Satisfied
706-36-6154,Alex,Yangon,Member,Male,Home and lifestyle,19.36,9,8.712,182.952,2019-01-18,Ewallet,174.24,8.712,8.7,2019,1,18,Satisfied
821-14-9046,Cairo,Mandalay,Member,Female,Fashion accessories,17.48,6,5.244,110.124,2019-01-18,Credit Card,104.88,5.244,6.1,2019,1,18,Not Satisfied
678-79-0726,Giza,Naypyitaw,Member,Female,Sports and travel,90.63,9,40.7835,856.4535,2019-01-18,Cash,815.67,40.7835,5.1,2019,1,18,Not Satisfied
700-81-1757,Alex,Yangon,Normal,Female,Electronic accessories,26.31,5,6.5775,138.1275,2019-01-18,Credit Card,131.55,6.5775,8.8,2019,1,18,Satisfied
166-19-2553,Alex,Yangon,Member,Male,Sports and travel,89.06,6,26.718,561.078,2019-01-18,Cash,534.36,26.718,9.9,2019,1,18,Satisfied
482-17-1179,Alex,Yangon,Member,Male,Electronic accessories,11.94,3,1.791,37.611,2019-01-19,Credit Card,35.82,1.791,8.1,2019,1,19,Satisfied
728-47-9078,Giza,Naypyitaw,Member,Male,Food and beverages,59.59,4,11.918,250.278,2019-01-19,Cash,238.36,11.918,9.8,2019,1,19,Satisfied
882-40-4577,Alex,Yangon,Member,Male,Sports and travel,67.26,4,13.452,282.492,2019-01-19,Credit Card,269.04,13.452,8.0,2019,1,19,Satisfied
779-06-0012,Giza,Naypyitaw,Member,Female,Home and lifestyle,88.61,1,4.4305,93.0405,2019-01-19,Cash,88.61,4.4305,7.7,2019,1,19,Satisfied
375-72-3056,Cairo,Mandalay,Normal,Male,Sports and travel,63.06,3,9.459,198.639,2019-01-19,Ewallet,189.18,9.459,7.0,2019,1,19,Satisfied
809-69-9497,Alex,Yangon,Normal,Female,Home and lifestyle,45.68,10,22.84,479.64,2019-01-19,Ewallet,456.8,22.84,5.7,2019,1,19,Not Satisfied
796-32-9050,Alex,Yangon,Normal,Male,Food and beverages,51.28,6,15.384,323.064,2019-01-19,Cash,307.68,15.384,6.5,2019,1,19,Not Satisfied
151-27-8496,Giza,Naypyitaw,Normal,Female,Electronic accessories,56.13,4,11.226,235.746,2019-01-19,Ewallet,224.52,11.226,8.6,2019,1,19,Satisfied
894-41-5205,Giza,Naypyitaw,Normal,Female,Food and beverages,43.18,8,17.272,362.712,2019-01-19,Credit Card,345.44,17.272,8.3,2019,1,19,Satisfied
608-27-6295,Cairo,Mandalay,Member,Male,Electronic accessories,52.89,6,15.867,333.207,2019-01-19,Credit Card,317.34,15.867,9.8,2019,1,19,Satisfied
125-45-2293,Alex,Yangon,Normal,Female,Fashion accessories,99.1,6,29.73,624.33,2019-01-19,Cash,594.6,29.73,4.2,2019,1,19,Not Satisfied
149-61-1929,Alex,Yangon,Normal,Male,Sports and travel,64.19,10,32.095,673.995,2019-01-19,Credit Card,641.9,32.095,6.7,2019,1,19,Not Satisfied
645-44-1170,Alex,Yangon,Member,Female,Home and lifestyle,58.07,9,26.1315,548.7615,2019-01-19,Ewallet,522.63,26.1315,4.3,2019,1,19,Not Satisfied
284-54-4231,Giza,Naypyitaw,Member,Male,Sports and travel,80.93,1,4.0465,84.9765,2019-01-19,Credit Card,80.93,4.0465,9.0,2019,1,19,Satisfied
832-51-6761,Alex,Yangon,Normal,Male,Food and beverages,33.88,8,13.552,284.592,2019-01-19,Ewallet,271.04,13.552,9.6,2019,1,19,Satisfied
761-49-0439,Cairo,Mandalay,Member,Female,Electronic accessories,12.1,8,4.84,101.64,2019-01-19,Ewallet,96.8,4.84,8.6,2019,1,19,Satisfied
378-24-2715,Cairo,Mandalay,Member,Female,Home and lifestyle,53.44,2,5.344,112.224,2019-01-20,Ewallet,106.88,5.344,4.1,2019,1,20,Not Satisfied
725-96-3778,Giza,Naypyitaw,Member,Female,Home and lifestyle,89.25,8,35.7,749.7,2019-01-20,Cash,714.0,35.7,4.7,2019,1,20,Not Satisfied
458-10-8612,Giza,Naypyitaw,Normal,Male,Health and beauty,64.08,7,22.428,470.988,2019-01-20,Ewallet,448.56,22.428,7.6,2019,1,20,Satisfied
356-44-8813,Cairo,Mandalay,Normal,Male,Home and lifestyle,37.48,3,5.622,118.062,2019-01-20,Credit Card,112.44,5.622,7.7,2019,1,20,Satisfied
645-78-8093,Alex,Yangon,Normal,Female,Sports and travel,93.14,2,9.314,195.594,2019-01-20,Ewallet,186.28,9.314,4.1,2019,1,20,Not Satisfied
817-48-8732,Alex,Yangon,Member,Female,Home and lifestyle,72.35,10,36.175,253.512,2019-01-20,Cash,723.5,36.175,5.4,2019,1,20,Not Satisfied
760-27-5490,Giza,Naypyitaw,Normal,Male,Fashion accessories,15.62,8,6.248,131.208,2019-01-20,Ewallet,124.96,6.248,9.1,2019,1,20,Satisfied
410-67-1709,Alex,Yangon,Member,Female,Fashion accessories,54.795,8,25.552,536.592,2019-01-20,Ewallet,511.04,25.552,9.9,2019,1,20,Satisfied
787-87-2010,Alex,Yangon,Member,Male,Health and beauty,54.795,4,11.1,233.1,2019-01-20,Credit Card,222.0,11.1,6.6,2019,1,20,Not Satisfied
257-73-1380,Giza,Naypyitaw,Member,Male,Sports and travel,82.93,4,16.586,348.306,2019-01-20,Ewallet,331.72,16.586,9.6,2019,1,20,Satisfied
462-67-9126,Alex,Yangon,Normal,Male,Home and lifestyle,73.22,6,21.966,461.286,2019-01-21,Cash,439.32,21.966,7.2,2019,1,21,Satisfied
870-72-4431,Giza,Naypyitaw,Member,Female,Health and beauty,99.19,6,29.757,624.897,2019-01-21,Credit Card,595.14,29.757,5.5,2019,1,21,Not Satisfied
329-62-1586,Alex,Yangon,Member,Female,Food and beverages,54.67,3,8.2005,172.2105,2019-01-21,Credit Card,164.01,8.2005,8.6,2019,1,21,Satisfied
401-18-8016,Cairo,Mandalay,Member,Female,Sports and travel,98.13,1,4.9065,103.0365,2019-01-21,Cash,98.13,4.9065,8.9,2019,1,21,Satisfied
162-65-8559,Giza,Naypyitaw,Member,Male,Food and beverages,68.98,1,3.449,72.429,2019-01-21,Cash,68.98,3.449,4.8,2019,1,21,Not Satisfied
239-10-7476,Alex,Yangon,Normal,Female,Home and lifestyle,77.95,6,23.385,491.085,2019-01-21,Ewallet,467.7,23.385,8.0,2019,1,21,Satisfied
316-68-6352,Alex,Yangon,Member,Female,Food and beverages,36.36,2,3.636,76.356,2019-01-21,Cash,72.72,3.636,7.1,2019,1,21,Satisfied
269-10-8440,Alex,Yangon,Member,Male,Health and beauty,53.17,7,18.6095,390.7995,2019-01-21,Cash,372.19,18.6095,8.9,2019,1,21,Satisfied
563-47-4072,Cairo,Mandalay,Normal,Female,Health and beauty,55.81,6,16.743,351.603,2019-01-22,Cash,334.86,16.743,9.9,2019,1,22,Satisfied
521-18-7827,Giza,Naypyitaw,Member,Male,Home and lifestyle,39.39,5,9.8475,206.7975,2019-01-22,Credit Card,196.95,9.8475,8.7,2019,1,22,Satisfied
287-21-9091,Alex,Yangon,Member,Female,Home and lifestyle,74.67,9,33.6015,253.512,2019-01-22,Ewallet,672.03,33.6015,9.4,2019,1,22,Satisfied
460-35-4390,Alex,Yangon,Normal,Male,Home and lifestyle,30.68,3,4.602,96.642,2019-01-22,Ewallet,92.04,4.602,9.1,2019,1,22,Satisfied
120-54-2248,Cairo,Mandalay,Normal,Female,Food and beverages,28.86,5,7.215,151.515,2019-01-22,Credit Card,144.3,7.215,8.0,2019,1,22,Satisfied
756-01-7507,Giza,Naypyitaw,Member,Female,Health and beauty,20.38,5,5.095,106.995,2019-01-22,Cash,101.9,5.095,6.0,2019,1,22,Not Satisfied
186-09-3669,Giza,Naypyitaw,Member,Female,Health and beauty,81.51,1,4.0755,85.5855,2019-01-22,Ewallet,81.51,4.0755,9.2,2019,1,22,Satisfied
434-83-9547,Giza,Naypyitaw,Member,Male,Food and beverages,38.47,8,15.388,323.148,2019-01-23,Cash,307.76,15.388,7.7,2019,1,23,Satisfied
790-38-4466,Giza,Naypyitaw,Normal,Female,Health and beauty,10.99,5,2.7475,57.6975,2019-01-23,Credit Card,54.95,2.7475,9.3,2019,1,23,Satisfied
213-32-1216,Alex,Yangon,Normal,Female,Electronic accessories,66.06,6,19.818,416.178,2019-01-23,Cash,396.36,19.818,7.3,2019,1,23,Satisfied
477-59-2456,Giza,Naypyitaw,Normal,Female,Fashion accessories,45.44,7,15.904,333.984,2019-01-23,Cash,318.08,15.904,9.2,2019,1,23,Satisfied
731-81-9469,Giza,Naypyitaw,Member,Female,Sports and travel,89.8,10,44.9,942.9,2019-01-23,Credit Card,898.0,44.9,5.4,2019,1,23,Not Satisfied
828-46-6863,Alex,Yangon,Member,Male,Food and beverages,98.53,6,29.559,620.739,2019-01-23,Credit Card,591.18,29.559,4.0,2019,1,23,Not Satisfied
219-61-4139,Giza,Naypyitaw,Normal,Male,Electronic accessories,83.08,1,4.154,87.234,2019-01-23,Ewallet,83.08,4.154,6.4,2019,1,23,Not Satisfied
318-12-0304,Alex,Yangon,Normal,Male,Fashion accessories,30.61,1,1.5305,32.1405,2019-01-23,Ewallet,30.61,1.5305,5.2,2019,1,23,Not Satisfied
160-22-2687,Alex,Yangon,Member,Female,Health and beauty,95.95,5,23.9875,503.7375,2019-01-23,Ewallet,479.75,23.9875,8.8,2019,1,23,Satisfied
565-80-5980,Giza,Naypyitaw,Member,Female,Home and lifestyle,47.38,4,9.476,198.996,2019-01-23,Cash,189.52,9.476,7.1,2019,1,23,Satisfied
148-41-7930,Giza,Naypyitaw,Normal,Male,Health and beauty,99.96,7,34.986,734.706,2019-01-23,Cash,699.72,34.986,6.1,2019,1,23,Not Satisfied
809-46-1866,Alex,Yangon,Normal,Male,Health and beauty,58.15,4,11.63,244.23,2019-01-23,Cash,232.6,11.63,8.4,2019,1,23,Satisfied
767-05-1286,Giza,Naypyitaw,Member,Female,Home and lifestyle,83.77,6,25.131,527.751,2019-01-23,Ewallet,502.62,25.131,5.4,2019,1,23,Not Satisfied
740-22-2500,Giza,Naypyitaw,Normal,Female,Electronic accessories,84.05,3,12.6075,264.7575,2019-01-23,Cash,252.15,12.6075,9.8,2019,1,23,Satisfied
604-70-6476,Alex,Yangon,Member,Male,Fashion accessories,17.94,5,4.485,94.185,2019-01-23,Ewallet,89.7,4.485,6.8,2019,1,23,Not Satisfied
316-66-3011,Alex,Yangon,Member,Female,Food and beverages,47.63,9,21.4335,450.1035,2019-01-23,Cash,428.67,21.4335,5.0,2019,1,23,Not Satisfied
480-63-2856,Giza,Naypyitaw,Member,Female,Food and beverages,19.25,8,7.7,161.7,2019-01-23,Ewallet,154.0,7.7,6.6,2019,1,23,Not Satisfied
789-23-8625,Cairo,Mandalay,Member,Male,Fashion accessories,93.22,3,13.983,293.643,2019-01-24,Cash,279.66,13.983,7.2,2019,1,24,Satisfied
510-79-0415,Cairo,Mandalay,Member,Female,Sports and travel,23.08,6,6.924,145.404,2019-01-24,Ewallet,138.48,6.924,4.9,2019,1,24,Not Satisfied
438-23-1242,Cairo,Mandalay,Normal,Male,Electronic accessories,75.88,7,26.558,557.718,2019-01-24,Ewallet,531.16,26.558,8.9,2019,1,24,Satisfied
443-60-9639,Giza,Naypyitaw,Member,Female,Home and lifestyle,60.87,1,3.0435,63.9135,2019-01-24,Cash,60.87,3.0435,5.5,2019,1,24,Not Satisfied
237-44-6163,Alex,Yangon,Normal,Male,Electronic accessories,10.56,8,4.224,88.704,2019-01-24,Cash,84.48,4.224,7.6,2019,1,24,Satisfied
435-13-4908,Alex,Yangon,Member,Male,Fashion accessories,86.68,8,34.672,728.112,2019-01-24,Credit Card,693.44,34.672,7.2,2019,1,24,Satisfied
775-72-1988,Cairo,Mandalay,Normal,Male,Home and lifestyle,54.795,5,18.32,384.72,2019-01-24,Ewallet,366.4,18.32,8.4,2019,1,24,Satisfied
232-11-3025,Alex,Yangon,Member,Female,Sports and travel,78.77,10,39.385,253.512,2019-01-24,Cash,787.7,39.385,6.4,2019,1,24,Not Satisfied
139-20-0155,Cairo,Mandalay,Member,Male,Electronic accessories,40.3,10,20.15,423.15,2019-01-24,Credit Card,403.0,20.15,7.0,2019,1,24,Satisfied
726-27-2396,Alex,Yangon,Normal,Female,Health and beauty,77.5,5,19.375,406.875,2019-01-24,Ewallet,387.5,19.375,4.3,2019,1,24,Not Satisfied
235-06-8510,Giza,Naypyitaw,Member,Male,Home and lifestyle,85.72,3,12.858,270.018,2019-01-24,Ewallet,257.16,12.858,5.1,2019,1,24,Not Satisfied
602-16-6955,Cairo,Mandalay,Normal,Female,Sports and travel,76.6,10,38.3,804.3,2019-01-24,Ewallet,766.0,38.3,6.0,2019,1,24,Not Satisfied
778-34-2523,Alex,Yangon,Member,Female,Electronic accessories,48.62,8,19.448,408.408,2019-01-24,Cash,388.96,19.448,5.0,2019,1,24,Not Satisfied
730-61-8757,Cairo,Mandalay,Member,Male,Health and beauty,51.13,4,10.226,214.746,2019-01-25,Credit Card,204.52,10.226,4.0,2019,1,25,Not Satisfied
394-55-6384,Giza,Naypyitaw,Member,Female,Sports and travel,70.19,9,31.5855,663.2955,2019-01-25,Cash,631.71,31.5855,6.7,2019,1,25,Not Satisfied
843-73-4724,Alex,Yangon,Normal,Male,Fashion accessories,74.1,1,3.705,77.805,2019-01-25,Cash,74.1,3.705,9.2,2019,1,25,Satisfied
261-12-8671,Cairo,Mandalay,Normal,Female,Fashion accessories,60.96,2,6.096,128.016,2019-01-25,Credit Card,121.92,6.096,4.9,2019,1,25,Not Satisfied
340-21-9136,Alex,Yangon,Member,Female,Sports and travel,40.05,4,8.01,168.21,2019-01-25,Cash,160.2,8.01,9.7,2019,1,25,Satisfied
288-38-3758,Giza,Naypyitaw,Member,Female,Fashion accessories,54.795,3,12.7305,267.3405,2019-01-25,Ewallet,254.61,12.7305,7.4,2019,1,25,Satisfied
280-17-4359,Giza,Naypyitaw,Member,Male,Health and beauty,90.5,10,45.25,950.25,2019-01-25,Cash,905.0,45.25,8.1,2019,1,25,Satisfied
856-66-2701,Alex,Yangon,Member,Male,Home and lifestyle,53.3,3,7.995,167.895,2019-01-25,Ewallet,159.9,7.995,7.5,2019,1,25,Satisfied
145-94-9061,Cairo,Mandalay,Member,Female,Food and beverages,88.36,5,22.09,463.89,2019-01-25,Cash,441.8,22.09,9.6,2019,1,25,Satisfied
191-10-6171,Cairo,Mandalay,Normal,Female,Fashion accessories,39.62,7,13.867,291.207,2019-01-25,Cash,277.34,13.867,7.5,2019,1,25,Satisfied
778-71-5554,Giza,Naypyitaw,Member,Female,Fashion accessories,15.43,1,0.7715,16.2015,2019-01-25,Credit Card,15.43,0.7715,6.1,2019,1,25,Not Satisfied
824-88-3614,Giza,Naypyitaw,Normal,Male,Health and beauty,34.31,8,13.724,288.204,2019-01-25,Ewallet,274.48,13.724,5.7,2019,1,25,Not Satisfied
888-02-0338,Alex,Yangon,Normal,Male,Electronic accessories,26.23,9,11.8035,247.8735,2019-01-25,Ewallet,236.07,11.8035,5.9,2019,1,25,Not Satisfied
268-03-6164,Cairo,Mandalay,Normal,Male,Health and beauty,96.11,1,4.8055,100.9155,2019-01-25,Ewallet,96.11,4.8055,7.8,2019,1,25,Satisfied
569-71-4390,Cairo,Mandalay,Normal,Male,Sports and travel,21.87,2,2.187,45.927,2019-01-25,Ewallet,43.74,2.187,6.9,2019,1,25,Not Satisfied
283-79-9594,Cairo,Mandalay,Normal,Female,Food and beverages,48.51,7,16.9785,356.5485,2019-01-25,Credit Card,339.57,16.9785,5.2,2019,1,25,Not Satisfied
307-83-9164,Alex,Yangon,Member,Male,Home and lifestyle,60.01,4,12.002,252.042,2019-01-25,Cash,240.04,12.002,4.5,2019,1,25,Not Satisfied
289-65-5721,Cairo,Mandalay,Normal,Female,Fashion accessories,81.37,2,8.137,170.877,2019-01-26,Cash,162.74,8.137,6.5,2019,1,26,Not Satisfied
539-21-7227,Cairo,Mandalay,Normal,Female,Sports and travel,51.54,5,12.885,270.585,2019-01-26,Cash,257.7,12.885,4.2,2019,1,26,Not Satisfied
176-78-1170,Giza,Naypyitaw,Member,Male,Health and beauty,33.81,3,5.0715,106.5015,2019-01-26,Ewallet,101.43,5.0715,7.3,2019,1,26,Satisfied
308-39-1707,Alex,Yangon,Normal,Female,Fashion accessories,12.09,1,0.6045,12.6945,2019-01-26,Credit Card,12.09,0.6045,8.2,2019,1,26,Satisfied
896-34-0956,Alex,Yangon,Normal,Male,Fashion accessories,21.32,1,1.066,22.386,2019-01-26,Cash,21.32,1.066,5.9,2019,1,26,Not Satisfied
836-82-5858,Cairo,Mandalay,Member,Male,Health and beauty,69.37,9,31.2165,655.5465,2019-01-26,Ewallet,624.33,31.2165,4.0,2019,1,26,Not Satisfied
847-38-7188,Cairo,Mandalay,Member,Female,Food and beverages,96.68,3,14.502,304.542,2019-01-26,Ewallet,290.04,14.502,6.4,2019,1,26,Not Satisfied
173-82-9529,Cairo,Mandalay,Normal,Female,Fashion accessories,37.95,10,18.975,398.475,2019-01-26,Cash,379.5,18.975,9.7,2019,1,26,Satisfied
316-55-4634,Cairo,Mandalay,Member,Male,Food and beverages,80.05,5,20.0125,420.2625,2019-01-26,Credit Card,400.25,20.0125,9.4,2019,1,26,Satisfied
641-43-2399,Cairo,Mandalay,Normal,Male,Home and lifestyle,25.55,4,5.11,107.31,2019-01-26,Ewallet,102.2,5.11,5.7,2019,1,26,Not Satisfied
135-13-8269,Cairo,Mandalay,Member,Female,Food and beverages,78.88,2,7.888,165.648,2019-01-26,Cash,157.76,7.888,9.1,2019,1,26,Satisfied
834-61-8124,Alex,Yangon,Normal,Male,Electronic accessories,51.69,7,18.0915,379.9215,2019-01-26,Cash,361.83,18.0915,5.5,2019,1,26,Not Satisfied
225-32-0908,Giza,Naypyitaw,Member,Female,Sports and travel,44.86,10,22.43,471.03,2019-01-26,Ewallet,448.6,22.43,8.2,2019,1,26,Satisfied
881-41-7302,Giza,Naypyitaw,Normal,Female,Fashion accessories,64.99,1,3.2495,68.2395,2019-01-26,Credit Card,64.99,3.2495,4.5,2019,1,26,Not Satisfied
258-69-7810,Giza,Naypyitaw,Normal,Female,Fashion accessories,36.85,5,9.2125,193.4625,2019-01-26,Cash,184.25,9.2125,9.2,2019,1,26,Satisfied
452-04-8808,Cairo,Mandalay,Normal,Male,Electronic accessories,87.08,7,30.478,640.038,2019-01-26,Cash,609.56,30.478,5.5,2019,1,26,Not Satisfied
794-42-3736,Cairo,Mandalay,Normal,Male,Food and beverages,33.33,2,3.333,69.993,2019-01-26,Credit Card,66.66,3.333,6.4,2019,1,26,Not Satisfied
585-90-0249,Alex,Yangon,Member,Male,Electronic accessories,73.26,1,3.663,76.923,2019-01-27,Ewallet,73.26,3.663,9.7,2019,1,27,Satisfied
595-27-4851,Alex,Yangon,Normal,Female,Fashion accessories,54.28,7,18.998,398.958,2019-01-27,Ewallet,379.96,18.998,9.3,2019,1,27,Satisfied
633-91-1052,Alex,Yangon,Normal,Female,Home and lifestyle,12.03,2,1.203,25.263,2019-01-27,Cash,24.06,1.203,5.1,2019,1,27,Not Satisfied
862-59-8517,Giza,Naypyitaw,Normal,Female,Food and beverages,90.24,6,27.072,568.512,2019-01-27,Cash,541.44,27.072,6.2,2019,1,27,Not Satisfied
624-01-8356,Cairo,Mandalay,Normal,Female,Home and lifestyle,49.01,10,24.505,514.605,2019-01-27,Credit Card,490.1,24.505,4.2,2019,1,27,Not Satisfied
788-07-8452,Giza,Naypyitaw,Member,Female,Home and lifestyle,24.24,7,8.484,178.164,2019-01-27,Ewallet,169.68,8.484,9.4,2019,1,27,Satisfied
394-41-0748,Giza,Naypyitaw,Member,Female,Fashion accessories,54.07,9,24.3315,510.9615,2019-01-27,Ewallet,486.63,24.3315,9.5,2019,1,27,Satisfied
534-01-4457,Alex,Yangon,Normal,Male,Food and beverages,81.71,6,24.513,514.773,2019-01-27,Credit Card,490.26,24.513,8.0,2019,1,27,Satisfied
613-59-9758,Giza,Naypyitaw,Normal,Female,Sports and travel,14.36,10,7.18,150.78,2019-01-27,Cash,143.6,7.18,5.4,2019,1,27,Not Satisfied
620-02-2046,Giza,Naypyitaw,Normal,Male,Home and lifestyle,69.4,2,6.94,145.74,2019-01-27,Ewallet,138.8,6.94,9.0,2019,1,27,Satisfied
123-19-1176,Alex,Yangon,Member,Female,Health and beauty,58.22,8,23.288,489.048,2019-01-27,Ewallet,465.76,23.288,8.4,2019,1,27,Satisfied
869-11-3082,Cairo,Mandalay,Member,Male,Health and beauty,96.16,4,19.232,403.872,2019-01-27,Credit Card,384.64,19.232,8.4,2019,1,27,Satisfied
325-90-8763,Giza,Naypyitaw,Member,Female,Electronic accessories,46.57,10,23.285,488.985,2019-01-27,Cash,465.7,23.285,7.6,2019,1,27,Satisfied
870-54-3162,Alex,Yangon,Member,Female,Sports and travel,32.25,5,8.0625,169.3125,2019-01-27,Cash,161.25,8.0625,9.0,2019,1,27,Satisfied
211-30-9270,Giza,Naypyitaw,Normal,Male,Health and beauty,17.41,5,4.3525,91.4025,2019-01-28,Credit Card,87.05,4.3525,4.9,2019,1,28,Not Satisfied
400-89-4171,Giza,Naypyitaw,Normal,Female,Sports and travel,80.97,8,32.388,680.148,2019-01-28,Cash,647.76,32.388,9.3,2019,1,28,Satisfied
726-29-6793,Alex,Yangon,Member,Male,Electronic accessories,24.18,8,9.672,203.112,2019-01-28,Ewallet,193.44,9.672,9.8,2019,1,28,Satisfied
593-65-1552,Giza,Naypyitaw,Normal,Female,Home and lifestyle,69.81,4,13.962,293.202,2019-01-28,Credit Card,279.24,13.962,5.9,2019,1,28,Not Satisfied
149-71-6266,Cairo,Mandalay,Member,Female,Sports and travel,78.07,9,35.1315,737.7615,2019-01-28,Cash,702.63,35.1315,4.5,2019,1,28,Not Satisfied
342-65-4817,Giza,Naypyitaw,Member,Male,Health and beauty,86.8,3,13.02,273.42,2019-01-28,Ewallet,260.4,13.02,9.9,2019,1,28,Satisfied
390-80-5128,Cairo,Mandalay,Member,Female,Health and beauty,19.15,1,0.9575,20.1075,2019-01-28,Credit Card,19.15,0.9575,9.5,2019,1,28,Satisfied
222-42-0244,Cairo,Mandalay,Member,Female,Health and beauty,72.11,9,32.4495,681.4395,2019-01-28,Credit Card,648.99,32.4495,7.7,2019,1,28,Satisfied
430-53-4718,Cairo,Mandalay,Member,Male,Health and beauty,75.37,8,30.148,633.108,2019-01-28,Credit Card,602.96,30.148,8.4,2019,1,28,Satisfied
865-41-9075,Alex,Yangon,Normal,Male,Food and beverages,11.53,7,4.0355,84.7455,2019-01-28,Cash,80.71,4.0355,8.1,2019,1,28,Satisfied
372-26-1506,Giza,Naypyitaw,Normal,Female,Fashion accessories,23.82,5,5.955,125.055,2019-01-28,Ewallet,119.1,5.955,5.4,2019,1,28,Not Satisfied
544-55-9589,Cairo,Mandalay,Member,Female,Electronic accessories,21.43,10,10.715,225.015,2019-01-28,Cash,214.3,10.715,6.2,2019,1,28,Not Satisfied
243-47-2663,Giza,Naypyitaw,Member,Male,Electronic accessories,18.77,6,5.631,118.251,2019-01-28,Credit Card,112.62,5.631,5.5,2019,1,28,Not Satisfied
699-88-1972,Cairo,Mandalay,Normal,Male,Health and beauty,99.16,8,39.664,832.944,2019-01-28,Credit Card,793.28,39.664,4.2,2019,1,28,Not Satisfied
110-48-7033,Cairo,Mandalay,Member,Male,Fashion accessories,32.62,4,6.524,137.004,2019-01-29,Cash,130.48,6.524,9.0,2019,1,29,Satisfied
816-72-8853,Alex,Yangon,Member,Female,Sports and travel,27.93,5,6.9825,146.6325,2019-01-29,Cash,139.65,6.9825,5.9,2019,1,29,Not Satisfied
382-25-8917,Giza,Naypyitaw,Normal,Male,Fashion accessories,42.08,6,12.624,265.104,2019-01-29,Cash,252.48,12.624,8.9,2019,1,29,Satisfied
137-63-5492,Giza,Naypyitaw,Normal,Male,Electronic accessories,58.76,10,29.38,616.98,2019-01-29,Ewallet,587.6,29.38,9.0,2019,1,29,Satisfied
746-94-0204,Alex,Yangon,Normal,Male,Fashion accessories,83.24,9,37.458,786.618,2019-01-29,Credit Card,749.16,37.458,7.4,2019,1,29,Satisfied
800-09-8606,Alex,Yangon,Member,Female,Home and lifestyle,87.37,5,21.8425,458.6925,2019-01-29,Cash,436.85,21.8425,6.6,2019,1,29,Not Satisfied
575-67-1508,Alex,Yangon,Normal,Male,Electronic accessories,38.6,1,1.93,40.53,2019-01-29,Ewallet,38.6,1.93,6.7,2019,1,29,Not Satisfied
606-80-4905,Giza,Naypyitaw,Member,Female,Sports and travel,19.15,6,5.745,120.645,2019-01-29,Credit Card,114.9,5.745,6.8,2019,1,29,Not Satisfied
569-76-2760,Alex,Yangon,Member,Female,Sports and travel,22.01,4,4.402,92.442,2019-01-29,Credit Card,88.04,4.402,6.6,2019,1,29,Not Satisfied
343-61-3544,Cairo,Mandalay,Member,Male,Sports and travel,26.67,10,13.335,280.035,2019-01-29,Cash,266.7,13.335,8.6,2019,1,29,Satisfied
233-67-5758,Giza,Naypyitaw,Normal,Male,Health and beauty,40.35,1,2.0175,42.3675,2019-01-29,Ewallet,40.35,2.0175,6.2,2019,1,29,Not Satisfied
862-17-9201,Cairo,Mandalay,Normal,Female,Food and beverages,84.05,6,25.215,529.515,2019-01-29,Credit Card,504.3,25.215,7.7,2019,1,29,Satisfied
416-13-5917,Giza,Naypyitaw,Normal,Female,Food and beverages,97.03,5,24.2575,509.4075,2019-01-30,Ewallet,485.15,24.2575,9.3,2019,1,30,Satisfied
804-38-3935,Alex,Yangon,Member,Male,Electronic accessories,93.78,3,14.067,295.407,2019-01-30,Credit Card,281.34,14.067,5.9,2019,1,30,Not Satisfied
556-72-8512,Giza,Naypyitaw,Normal,Male,Home and lifestyle,22.96,1,1.148,24.108,2019-01-30,Cash,22.96,1.148,4.3,2019,1,30,Not Satisfied
134-54-4720,Cairo,Mandalay,Normal,Female,Electronic accessories,42.42,8,16.968,356.328,2019-01-30,Ewallet,339.36,16.968,5.7,2019,1,30,Not Satisfied
862-29-5914,Giza,Naypyitaw,Normal,Female,Sports and travel,22.38,1,1.119,23.499,2019-01-30,Credit Card,22.38,1.119,8.6,2019,1,30,Satisfied
423-80-0988,Giza,Naypyitaw,Normal,Male,Sports and travel,76.4,2,7.64,160.44,2019-01-30,Ewallet,152.8,7.64,6.5,2019,1,30,Not Satisfied
283-26-5248,Giza,Naypyitaw,Member,Female,Food and beverages,98.52,10,49.26,1034.46,2019-01-30,Ewallet,985.2,49.26,4.5,2019,1,30,Not Satisfied
664-14-2882,Giza,Naypyitaw,Member,Female,Home and lifestyle,10.53,5,2.6325,55.2825,2019-01-30,Credit Card,52.65,2.6325,5.8,2019,1,30,Not Satisfied
182-69-8360,Cairo,Mandalay,Normal,Female,Electronic accessories,23.65,4,4.73,99.33,2019-01-30,Credit Card,94.6,4.73,4.0,2019,1,30,Not Satisfied
583-72-1480,Giza,Naypyitaw,Member,Male,Electronic accessories,37.06,4,7.412,155.652,2019-01-31,Ewallet,148.24,7.412,9.7,2019,1,31,Satisfied
226-71-3580,Giza,Naypyitaw,Normal,Female,Sports and travel,23.75,9,10.6875,224.4375,2019-01-31,Cash,213.75,10.6875,9.5,2019,1,31,Satisfied
457-94-0464,Cairo,Mandalay,Member,Male,Electronic accessories,87.87,9,39.5415,830.3715,2019-01-31,Ewallet,790.83,39.5415,5.6,2019,1,31,Not Satisfied
525-88-7307,Cairo,Mandalay,Member,Male,Sports and travel,75.82,1,3.791,79.611,2019-01-31,Cash,75.82,3.791,5.8,2019,1,31,Not Satisfied
834-45-5519,Cairo,Mandalay,Normal,Female,Electronic accessories,43.0,4,8.6,180.6,2019-01-31,Ewallet,172.0,8.6,7.6,2019,1,31,Satisfied
522-57-8364,Alex,Yangon,Member,Male,Fashion accessories,51.34,8,20.536,431.256,2019-01-31,Ewallet,410.72,20.536,7.6,2019,1,31,Satisfied
525-09-8450,Cairo,Mandalay,Normal,Male,Electronic accessories,54.795,10,36.065,757.365,2019-01-31,Credit Card,721.3,36.065,4.2,2019,1,31,Not Satisfied
532-59-7201,Cairo,Mandalay,Member,Male,Sports and travel,79.93,6,23.979,503.559,2019-01-31,Cash,479.58,23.979,5.5,2019,1,31,Not Satisfied
735-32-9839,Giza,Naypyitaw,Member,Male,Fashion accessories,98.7,8,39.48,829.08,2019-01-31,Ewallet,789.6,39.48,8.5,2019,1,31,Satisfied
187-83-5490,Alex,Yangon,Member,Male,Electronic accessories,20.77,4,4.154,87.234,2019-01-31,Cash,83.08,4.154,4.7,2019,1,31,Not Satisfied
189-55-2313,Giza,Naypyitaw,Normal,Female,Fashion accessories,62.18,10,31.09,652.89,2019-01-31,Ewallet,621.8,31.09,6.0,2019,1,31,Not Satisfied
239-36-3640,Cairo,Mandalay,Normal,Male,Electronic accessories,45.35,6,13.605,285.705,2019-01-31,Ewallet,272.1,13.605,6.1,2019,1,31,Not Satisfied
366-93-0948,Alex,Yangon,Member,Male,Electronic accessories,66.35,1,3.3175,69.6675,2019-01-31,Credit Card,66.35,3.3175,9.7,2019,1,31,Satisfied
286-75-7818,Cairo,Mandalay,Normal,Male,Fashion accessories,69.08,2,6.908,145.068,2019-01-31,Credit Card,138.16,6.908,6.9,2019,1,31,Not Satisfied
237-01-6122,Giza,Naypyitaw,Member,Female,Home and lifestyle,80.79,9,36.3555,763.4655,2019-02-01,Credit Card,727.11,36.3555,9.5,2019,2,1,Satisfied
551-21-3069,Giza,Naypyitaw,Member,Female,Electronic accessories,23.07,9,10.3815,253.512,2019-02-01,Cash,207.63,10.3815,4.9,2019,2,1,Not Satisfied
358-88-9262,Giza,Naypyitaw,Member,Female,Food and beverages,87.48,6,26.244,551.124,2019-02-01,Ewallet,524.88,26.244,5.1,2019,2,1,Not Satisfied
443-82-0585,Alex,Yangon,Member,Female,Health and beauty,77.68,4,15.536,326.256,2019-02-01,Cash,310.72,15.536,8.4,2019,2,1,Satisfied
870-76-1733,Alex,Yangon,Member,Female,Food and beverages,14.23,5,3.5575,74.7075,2019-02-01,Credit Card,71.15,3.5575,4.4,2019,2,1,Not Satisfied
105-31-1824,Alex,Yangon,Member,Male,Sports and travel,69.52,7,24.332,510.972,2019-02-01,Credit Card,486.64,24.332,8.5,2019,2,1,Satisfied
390-17-5806,Giza,Naypyitaw,Member,Female,Food and beverages,38.42,1,1.921,40.341,2019-02-02,Cash,38.42,1.921,8.6,2019,2,2,Satisfied
717-96-4189,Giza,Naypyitaw,Normal,Female,Electronic accessories,35.49,6,10.647,223.587,2019-02-02,Cash,212.94,10.647,4.1,2019,2,2,Not Satisfied
376-56-3573,Giza,Naypyitaw,Normal,Female,Fashion accessories,95.42,4,19.084,400.764,2019-02-02,Ewallet,381.68,19.084,6.4,2019,2,2,Not Satisfied
405-31-3305,Alex,Yangon,Member,Male,Fashion accessories,43.13,10,21.565,452.865,2019-02-02,Credit Card,431.3,21.565,5.5,2019,2,2,Not Satisfied
418-05-0656,Cairo,Mandalay,Normal,Female,Fashion accessories,25.56,7,8.946,187.866,2019-02-02,Cash,178.92,8.946,7.1,2019,2,2,Satisfied
642-32-2990,Alex,Yangon,Member,Female,Food and beverages,10.96,10,5.48,115.08,2019-02-02,Ewallet,109.6,5.48,6.0,2019,2,2,Not Satisfied
201-86-2184,Cairo,Mandalay,Member,Female,Electronic accessories,26.26,7,9.191,193.011,2019-02-02,Cash,183.82,9.191,9.9,2019,2,2,Satisfied
756-93-1854,Giza,Naypyitaw,Member,Female,Fashion accessories,83.35,2,8.335,175.035,2019-02-02,Credit Card,166.7,8.335,9.5,2019,2,2,Satisfied
376-02-8238,Cairo,Mandalay,Normal,Male,Home and lifestyle,93.87,8,37.548,788.508,2019-02-02,Credit Card,750.96,37.548,8.3,2019,2,2,Satisfied
541-08-3113,Giza,Naypyitaw,Normal,Male,Food and beverages,65.97,8,26.388,554.148,2019-02-02,Cash,527.76,26.388,8.4,2019,2,2,Satisfied
382-03-4532,Alex,Yangon,Member,Female,Health and beauty,18.33,1,0.9165,253.512,2019-02-02,Cash,18.33,0.9165,4.3,2019,2,2,Not Satisfied
845-51-0542,Cairo,Mandalay,Member,Male,Food and beverages,46.55,9,20.9475,439.8975,2019-02-02,Ewallet,418.95,20.9475,6.4,2019,2,2,Not Satisfied
554-53-8700,Giza,Naypyitaw,Member,Female,Home and lifestyle,56.11,2,5.611,117.831,2019-02-02,Cash,112.22,5.611,6.3,2019,2,2,Not Satisfied
420-18-8989,Alex,Yangon,Member,Female,Sports and travel,51.52,8,20.608,432.768,2019-02-02,Cash,412.16,20.608,9.6,2019,2,2,Satisfied
676-10-2200,Cairo,Mandalay,Member,Male,Fashion accessories,53.78,1,2.689,56.469,2019-02-03,Ewallet,53.78,2.689,4.7,2019,2,3,Not Satisfied
566-71-1091,Alex,Yangon,Normal,Male,Fashion accessories,77.02,5,19.255,404.355,2019-02-03,Cash,385.1,19.255,5.5,2019,2,3,Not Satisfied
347-34-2234,Cairo,Mandalay,Member,Female,Sports and travel,55.07,9,24.7815,253.512,2019-02-03,Ewallet,495.63,24.7815,10.0,2019,2,3,Satisfied
322-02-2271,Cairo,Mandalay,Normal,Female,Sports and travel,42.97,3,6.4455,135.3555,2019-02-03,Cash,128.91,6.4455,9.3,2019,2,3,Satisfied
639-76-1242,Giza,Naypyitaw,Normal,Male,Food and beverages,40.52,5,10.13,212.73,2019-02-03,Cash,202.6,10.13,4.5,2019,2,3,Not Satisfied
742-04-5161,Alex,Yangon,Member,Male,Home and lifestyle,72.78,10,36.39,764.19,2019-02-03,Cash,727.8,36.39,7.3,2019,2,3,Satisfied
326-78-5178,Giza,Naypyitaw,Member,Female,Food and beverages,91.4,7,31.99,671.79,2019-02-03,Cash,639.8,31.99,9.5,2019,2,3,Satisfied
718-57-9773,Giza,Naypyitaw,Normal,Female,Sports and travel,49.33,10,24.665,517.965,2019-02-03,Credit Card,493.3,24.665,9.4,2019,2,3,Satisfied
326-71-2155,Giza,Naypyitaw,Normal,Female,Sports and travel,73.95,4,14.79,310.59,2019-02-03,Cash,295.8,14.79,6.1,2019,2,3,Not Satisfied
443-59-0061,Alex,Yangon,Member,Male,Food and beverages,67.45,10,33.725,708.225,2019-02-03,Ewallet,674.5,33.725,4.2,2019,2,3,Not Satisfied
430-60-3493,Alex,Yangon,Member,Female,Home and lifestyle,94.88,7,33.208,697.368,2019-02-03,Cash,664.16,33.208,4.2,2019,2,3,Not Satisfied
190-59-3964,Cairo,Mandalay,Member,Male,Food and beverages,47.16,5,11.79,247.59,2019-02-03,Credit Card,235.8,11.79,6.0,2019,2,3,Not Satisfied
585-86-8361,Alex,Yangon,Normal,Female,Food and beverages,54.795,5,6.82,143.22,2019-02-03,Credit Card,136.4,6.82,8.6,2019,2,3,Satisfied
277-63-2961,Cairo,Mandalay,Member,Male,Sports and travel,73.97,1,3.6985,77.6685,2019-02-03,Credit Card,73.97,3.6985,5.4,2019,2,3,Not Satisfied
441-94-7118,Alex,Yangon,Member,Male,Electronic accessories,71.95,1,3.5975,75.5475,2019-02-04,Cash,71.95,3.5975,7.3,2019,2,4,Satisfied
236-86-3015,Giza,Naypyitaw,Member,Male,Home and lifestyle,13.98,1,0.699,14.679,2019-02-04,Ewallet,13.98,0.699,9.8,2019,2,4,Satisfied
627-95-3243,Cairo,Mandalay,Member,Female,Home and lifestyle,77.68,9,34.956,734.076,2019-02-04,Ewallet,699.12,34.956,9.8,2019,2,4,Satisfied
151-33-7434,Cairo,Mandalay,Normal,Female,Food and beverages,67.77,1,3.3885,71.1585,2019-02-04,Credit Card,67.77,3.3885,6.5,2019,2,4,Not Satisfied
518-17-2983,Alex,Yangon,Normal,Female,Fashion accessories,48.63,4,9.726,204.246,2019-02-04,Ewallet,194.52,9.726,7.6,2019,2,4,Satisfied
198-66-9832,Cairo,Mandalay,Member,Female,Fashion accessories,72.04,2,7.204,151.284,2019-02-04,Cash,144.08,7.204,9.5,2019,2,4,Satisfied
695-28-6250,Alex,Yangon,Normal,Female,Sports and travel,43.06,5,10.765,226.065,2019-02-04,Ewallet,215.3,10.765,7.7,2019,2,4,Satisfied
268-20-3585,Giza,Naypyitaw,Normal,Female,Health and beauty,13.85,9,6.2325,130.8825,2019-02-04,Ewallet,124.65,6.2325,6.0,2019,2,4,Not Satisfied
745-71-3520,Alex,Yangon,Member,Female,Electronic accessories,25.22,7,8.827,185.367,2019-02-04,Cash,176.54,8.827,8.2,2019,2,4,Satisfied
434-35-9162,Cairo,Mandalay,Member,Male,Food and beverages,23.34,4,4.668,98.028,2019-02-04,Ewallet,93.36,4.668,7.4,2019,2,4,Satisfied
404-91-5964,Alex,Yangon,Normal,Male,Electronic accessories,74.58,7,26.103,548.163,2019-02-04,Credit Card,522.06,26.103,9.0,2019,2,4,Satisfied
307-04-2070,Alex,Yangon,Member,Female,Fashion accessories,30.62,1,1.531,32.151,2019-02-05,Credit Card,30.62,1.531,4.1,2019,2,5,Not Satisfied
210-67-5886,Giza,Naypyitaw,Member,Female,Health and beauty,98.21,3,14.7315,309.3615,2019-02-05,Credit Card,294.63,14.7315,7.8,2019,2,5,Satisfied
880-35-0356,Alex,Yangon,Member,Female,Sports and travel,75.2,3,11.28,236.88,2019-02-05,Ewallet,225.6,11.28,4.8,2019,2,5,Not Satisfied
374-17-3652,Cairo,Mandalay,Member,Female,Food and beverages,42.82,9,19.269,404.649,2019-02-05,Credit Card,385.38,19.269,8.9,2019,2,5,Satisfied
479-26-8945,Cairo,Mandalay,Member,Female,Sports and travel,16.49,2,1.649,34.629,2019-02-05,Ewallet,32.98,1.649,4.6,2019,2,5,Not Satisfied
210-57-1719,Cairo,Mandalay,Normal,Female,Health and beauty,58.24,9,26.208,550.368,2019-02-05,Cash,524.16,26.208,9.7,2019,2,5,Satisfied
729-09-9681,Alex,Yangon,Member,Male,Home and lifestyle,25.91,6,7.773,163.233,2019-02-05,Ewallet,155.46,7.773,8.7,2019,2,5,Satisfied
325-89-4209,Alex,Yangon,Member,Male,Food and beverages,87.9,1,4.395,92.295,2019-02-05,Ewallet,87.9,4.395,6.7,2019,2,5,Not Satisfied
324-92-3863,Alex,Yangon,Member,Male,Electronic accessories,20.89,2,2.089,43.869,2019-02-05,Cash,41.78,2.089,9.8,2019,2,5,Satisfied
409-49-6995,Giza,Naypyitaw,Member,Female,Food and beverages,47.27,6,14.181,297.801,2019-02-05,Cash,283.62,14.181,8.8,2019,2,5,Satisfied
338-65-2210,Giza,Naypyitaw,Member,Female,Health and beauty,68.6,10,34.3,720.3,2019-02-05,Cash,686.0,34.3,9.1,2019,2,5,Satisfied
181-94-6432,Giza,Naypyitaw,Member,Male,Fashion accessories,69.33,2,6.933,145.593,2019-02-05,Ewallet,138.66,6.933,9.7,2019,2,5,Satisfied
149-14-0304,Giza,Naypyitaw,Member,Female,Health and beauty,28.5,8,11.4,239.4,2019-02-06,Cash,228.0,11.4,6.6,2019,2,6,Not Satisfied
258-92-7466,Alex,Yangon,Normal,Female,Health and beauty,35.68,5,8.92,187.32,2019-02-06,Credit Card,178.4,8.92,6.6,2019,2,6,Not Satisfied
471-06-8611,Giza,Naypyitaw,Normal,Female,Food and beverages,54.795,1,2.621,55.041,2019-02-06,Credit Card,52.42,2.621,6.3,2019,2,6,Not Satisfied
183-56-6882,Giza,Naypyitaw,Member,Female,Food and beverages,99.42,4,19.884,417.564,2019-02-06,Ewallet,397.68,19.884,7.5,2019,2,6,Satisfied
875-46-5808,Cairo,Mandalay,Member,Male,Health and beauty,25.9,10,12.95,271.95,2019-02-06,Ewallet,259.0,12.95,8.7,2019,2,6,Satisfied
727-46-3608,Cairo,Mandalay,Member,Female,Food and beverages,20.01,9,9.0045,189.0945,2019-02-06,Ewallet,180.09,9.0045,4.1,2019,2,6,Not Satisfied
595-86-2894,Giza,Naypyitaw,Member,Male,Fashion accessories,96.98,4,19.396,407.316,2019-02-06,Ewallet,387.92,19.396,9.4,2019,2,6,Satisfied
373-88-1424,Giza,Naypyitaw,Member,Male,Home and lifestyle,35.81,5,8.9525,188.0025,2019-02-06,Ewallet,179.05,8.9525,7.9,2019,2,6,Satisfied
857-67-9057,Cairo,Mandalay,Normal,Male,Electronic accessories,22.95,10,11.475,240.975,2019-02-06,Ewallet,229.5,11.475,8.2,2019,2,6,Satisfied
609-81-8548,Alex,Yangon,Member,Female,Home and lifestyle,37.44,6,11.232,235.872,2019-02-06,Credit Card,224.64,11.232,5.9,2019,2,6,Not Satisfied
811-35-1094,Cairo,Mandalay,Member,Male,Electronic accessories,50.45,6,15.135,317.835,2019-02-06,Credit Card,302.7,15.135,8.9,2019,2,6,Satisfied
512-91-0811,Giza,Naypyitaw,Member,Female,Health and beauty,89.75,1,4.4875,253.512,2019-02-06,Credit Card,89.75,4.4875,6.6,2019,2,6,Not Satisfied
784-21-9238,Giza,Naypyitaw,Member,Male,Sports and travel,10.17,1,0.5085,10.6785,2019-02-07,Cash,10.17,0.5085,5.9,2019,2,7,Not Satisfied
868-81-1752,Cairo,Mandalay,Normal,Male,Home and lifestyle,22.02,9,9.909,208.089,2019-02-07,Cash,198.18,9.909,6.8,2019,2,7,Not Satisfied
827-44-5872,Cairo,Mandalay,Member,Female,Food and beverages,54.36,10,27.18,570.78,2019-02-07,Credit Card,543.6,27.18,6.1,2019,2,7,Not Satisfied
744-82-9138,Giza,Naypyitaw,Normal,Male,Fashion accessories,86.13,2,8.613,180.873,2019-02-07,Cash,172.26,8.613,8.2,2019,2,7,Satisfied
374-38-5555,Cairo,Mandalay,Normal,Female,Fashion accessories,63.71,5,15.9275,334.4775,2019-02-07,Ewallet,318.55,15.9275,8.5,2019,2,7,Satisfied
583-41-4548,Giza,Naypyitaw,Normal,Male,Home and lifestyle,16.67,7,5.8345,122.5245,2019-02-07,Ewallet,116.69,5.8345,7.4,2019,2,7,Satisfied
114-35-5271,Cairo,Mandalay,Normal,Female,Electronic accessories,57.91,8,23.164,486.444,2019-02-07,Cash,463.28,23.164,8.1,2019,2,7,Satisfied
635-40-6220,Alex,Yangon,Member,Female,Health and beauty,89.6,8,35.84,253.512,2019-02-07,Ewallet,716.8,35.84,6.6,2019,2,7,Not Satisfied
421-95-9805,Alex,Yangon,Normal,Female,Electronic accessories,28.96,1,1.448,30.408,2019-02-07,Credit Card,28.96,1.448,6.2,2019,2,7,Not Satisfied
641-96-3695,Giza,Naypyitaw,Member,Female,Fashion accessories,43.46,6,13.038,273.798,2019-02-07,Ewallet,260.76,13.038,8.5,2019,2,7,Satisfied
533-33-5337,Cairo,Mandalay,Normal,Male,Electronic accessories,79.39,10,39.695,833.595,2019-02-07,Cash,793.9,39.695,6.2,2019,2,7,Not Satisfied
560-49-6611,Alex,Yangon,Member,Female,Sports and travel,45.58,1,2.279,47.859,2019-02-07,Cash,45.58,2.279,9.8,2019,2,7,Satisfied
380-94-4661,Giza,Naypyitaw,Member,Male,Electronic accessories,65.94,4,13.188,276.948,2019-02-07,Credit Card,263.76,13.188,6.9,2019,2,7,Not Satisfied
648-94-3045,Giza,Naypyitaw,Normal,Male,Health and beauty,58.95,10,29.475,618.975,2019-02-07,Ewallet,589.5,29.475,8.1,2019,2,7,Satisfied
430-02-3888,Cairo,Mandalay,Normal,Male,Electronic accessories,46.02,6,13.806,289.926,2019-02-07,Cash,276.12,13.806,7.1,2019,2,7,Satisfied
453-33-6436,Alex,Yangon,Normal,Female,Home and lifestyle,93.12,8,37.248,782.208,2019-02-07,Cash,744.96,37.248,6.8,2019,2,7,Not Satisfied
214-17-6927,Giza,Naypyitaw,Normal,Female,Food and beverages,16.48,6,4.944,103.824,2019-02-07,Ewallet,98.88,4.944,9.9,2019,2,7,Satisfied
626-43-7888,Giza,Naypyitaw,Normal,Female,Fashion accessories,60.41,8,24.164,507.444,2019-02-07,Ewallet,483.28,24.164,9.6,2019,2,7,Satisfied
810-60-6344,Giza,Naypyitaw,Normal,Female,Electronic accessories,40.86,8,16.344,343.224,2019-02-07,Credit Card,326.88,16.344,6.5,2019,2,7,Not Satisfied
271-88-8734,Giza,Naypyitaw,Member,Female,Fashion accessories,97.21,10,48.605,1020.705,2019-02-08,Credit Card,972.1,48.605,8.7,2019,2,8,Satisfied
649-29-6775,Cairo,Mandalay,Member,Female,Fashion accessories,33.52,1,1.676,35.196,2019-02-08,Cash,33.52,1.676,6.7,2019,2,8,Not Satisfied
756-49-0168,Alex,Yangon,Member,Male,Fashion accessories,19.7,1,0.985,20.685,2019-02-08,Ewallet,19.7,0.985,9.5,2019,2,8,Satisfied
687-47-8271,Alex,Yangon,Normal,Male,Fashion accessories,98.98,10,49.49,1039.29,2019-02-08,Credit Card,989.8,49.49,8.7,2019,2,8,Satisfied
549-84-7482,Cairo,Mandalay,Member,Female,Sports and travel,90.28,9,40.626,853.146,2019-02-08,Ewallet,812.52,40.626,7.2,2019,2,8,Satisfied
732-04-5373,Cairo,Mandalay,Member,Male,Home and lifestyle,46.47,4,9.294,195.174,2019-02-08,Cash,185.88,9.294,7.0,2019,2,8,Satisfied
181-82-6255,Cairo,Mandalay,Normal,Female,Home and lifestyle,16.37,6,4.911,103.131,2019-02-08,Cash,98.22,4.911,7.0,2019,2,8,Satisfied
815-04-6282,Giza,Naypyitaw,Member,Female,Sports and travel,64.97,5,16.2425,341.0925,2019-02-08,Credit Card,324.85,16.2425,6.5,2019,2,8,Not Satisfied
830-58-2383,Cairo,Mandalay,Normal,Male,Home and lifestyle,31.75,4,6.35,133.35,2019-02-08,Cash,127.0,6.35,8.6,2019,2,8,Satisfied
354-25-5821,Cairo,Mandalay,Member,Female,Sports and travel,69.12,6,20.736,435.456,2019-02-08,Cash,414.72,20.736,5.6,2019,2,8,Not Satisfied
440-59-5691,Giza,Naypyitaw,Member,Female,Health and beauty,37.15,7,13.0025,273.0525,2019-02-08,Credit Card,260.05,13.0025,7.7,2019,2,8,Satisfied
747-58-7183,Cairo,Mandalay,Normal,Male,Fashion accessories,57.27,3,8.5905,180.4005,2019-02-09,Ewallet,171.81,8.5905,6.5,2019,2,9,Not Satisfied
450-42-3339,Giza,Naypyitaw,Normal,Male,Health and beauty,84.61,10,42.305,888.405,2019-02-09,Credit Card,846.1,42.305,8.8,2019,2,9,Satisfied
866-05-7563,Cairo,Mandalay,Member,Female,Electronic accessories,81.4,3,12.21,256.41,2019-02-09,Cash,244.2,12.21,4.8,2019,2,9,Not Satisfied
602-80-9671,Giza,Naypyitaw,Member,Female,Home and lifestyle,15.95,6,4.785,100.485,2019-02-09,Credit Card,95.7,4.785,5.1,2019,2,9,Not Satisfied
509-10-0516,Cairo,Mandalay,Normal,Male,Home and lifestyle,45.97,4,9.194,193.074,2019-02-09,Ewallet,183.88,9.194,5.1,2019,2,9,Not Satisfied
727-02-1313,Alex,Yangon,Member,Male,Food and beverages,31.84,1,1.592,33.432,2019-02-09,Cash,31.84,1.592,7.7,2019,2,9,Satisfied
746-19-0921,Giza,Naypyitaw,Normal,Male,Food and beverages,21.58,1,1.079,22.659,2019-02-09,Ewallet,21.58,1.079,7.2,2019,2,9,Satisfied
428-83-5800,Giza,Naypyitaw,Member,Female,Food and beverages,21.08,3,3.162,66.402,2019-02-09,Cash,63.24,3.162,7.3,2019,2,9,Satisfied
447-15-7839,Alex,Yangon,Member,Female,Sports and travel,22.24,10,11.12,233.52,2019-02-09,Cash,222.4,11.12,4.2,2019,2,9,Not Satisfied
146-09-5432,Alex,Yangon,Member,Male,Food and beverages,35.04,9,15.768,331.128,2019-02-09,Ewallet,315.36,15.768,4.6,2019,2,9,Not Satisfied
871-39-9221,Giza,Naypyitaw,Member,Female,Electronic accessories,12.45,6,3.735,253.512,2019-02-09,Cash,74.7,3.735,4.1,2019,2,9,Not Satisfied
200-40-6154,Cairo,Mandalay,Member,Male,Home and lifestyle,65.91,6,19.773,415.233,2019-02-09,Cash,395.46,19.773,5.7,2019,2,9,Not Satisfied
130-98-8941,Giza,Naypyitaw,Normal,Male,Fashion accessories,64.26,7,22.491,472.311,2019-02-09,Cash,449.82,22.491,5.7,2019,2,9,Not Satisfied
559-98-9873,Alex,Yangon,Member,Female,Fashion accessories,53.65,7,18.7775,394.3275,2019-02-10,Ewallet,375.55,18.7775,5.2,2019,2,10,Not Satisfied
695-51-0018,Cairo,Mandalay,Normal,Female,Sports and travel,34.84,4,6.968,146.328,2019-02-10,Cash,139.36,6.968,7.4,2019,2,10,Satisfied
669-54-1719,Cairo,Mandalay,Member,Female,Electronic accessories,18.93,6,5.679,119.259,2019-02-10,Credit Card,113.58,5.679,8.1,2019,2,10,Satisfied
227-07-4446,Giza,Naypyitaw,Member,Female,Electronic accessories,78.13,10,39.065,820.365,2019-02-10,Cash,781.3,39.065,4.4,2019,2,10,Not Satisfied
196-01-2849,Giza,Naypyitaw,Member,Female,Fashion accessories,73.38,7,25.683,539.343,2019-02-10,Cash,513.66,25.683,9.5,2019,2,10,Satisfied
400-60-7251,Alex,Yangon,Normal,Male,Home and lifestyle,74.07,1,3.7035,77.7735,2019-02-10,Ewallet,74.07,3.7035,9.9,2019,2,10,Satisfied
838-78-4295,Giza,Naypyitaw,Member,Female,Health and beauty,33.47,2,3.347,253.512,2019-02-10,Ewallet,66.94,3.347,6.7,2019,2,10,Not Satisfied
162-48-8011,Alex,Yangon,Member,Female,Food and beverages,44.59,5,11.1475,234.0975,2019-02-10,Cash,222.95,11.1475,8.5,2019,2,10,Satisfied
378-07-7001,Cairo,Mandalay,Member,Male,Electronic accessories,48.09,3,7.2135,151.4835,2019-02-10,Credit Card,144.27,7.2135,7.8,2019,2,10,Satisfied
448-34-8700,Cairo,Mandalay,Member,Male,Home and lifestyle,36.91,7,12.9185,271.2885,2019-02-10,Ewallet,258.37,12.9185,6.7,2019,2,10,Not Satisfied
685-64-1609,Alex,Yangon,Member,Female,Fashion accessories,30.14,10,15.07,316.47,2019-02-10,Ewallet,301.4,15.07,9.2,2019,2,10,Satisfied
284-34-9626,Cairo,Mandalay,Normal,Female,Home and lifestyle,77.04,3,11.556,242.676,2019-02-11,Credit Card,231.12,11.556,7.2,2019,2,11,Satisfied
534-53-3526,Alex,Yangon,Normal,Female,Sports and travel,94.76,4,18.952,397.992,2019-02-11,Ewallet,379.04,18.952,7.8,2019,2,11,Satisfied
401-09-4232,Giza,Naypyitaw,Member,Male,Home and lifestyle,86.69,5,21.6725,455.1225,2019-02-11,Ewallet,433.45,21.6725,9.4,2019,2,11,Satisfied
796-12-2025,Giza,Naypyitaw,Member,Female,Fashion accessories,62.12,10,31.06,253.512,2019-02-11,Cash,621.2,31.06,5.9,2019,2,11,Not Satisfied
418-02-5978,Cairo,Mandalay,Normal,Female,Health and beauty,84.09,9,37.8405,794.6505,2019-02-11,Cash,756.81,37.8405,8.0,2019,2,11,Satisfied
531-56-4728,Alex,Yangon,Normal,Male,Home and lifestyle,80.08,3,12.012,252.252,2019-02-11,Cash,240.24,12.012,5.4,2019,2,11,Not Satisfied
866-99-7614,Giza,Naypyitaw,Normal,Male,Food and beverages,89.2,10,44.6,936.6,2019-02-11,Credit Card,892.0,44.6,4.4,2019,2,11,Not Satisfied
842-40-8179,Cairo,Mandalay,Member,Female,Food and beverages,54.795,10,38.6,810.6,2019-02-11,Credit Card,772.0,38.6,5.6,2019,2,11,Not Satisfied
305-18-3552,Cairo,Mandalay,Member,Male,Home and lifestyle,60.38,10,30.19,633.99,2019-02-12,Cash,603.8,30.19,6.0,2019,2,12,Not Satisfied
287-83-1405,Alex,Yangon,Normal,Male,Health and beauty,25.43,6,7.629,160.209,2019-02-12,Ewallet,152.58,7.629,7.0,2019,2,12,Satisfied
549-03-9315,Cairo,Mandalay,Normal,Male,Fashion accessories,94.87,8,37.948,796.908,2019-02-12,Ewallet,758.96,37.948,8.7,2019,2,12,Satisfied
885-56-0389,Giza,Naypyitaw,Member,Male,Fashion accessories,52.35,1,2.6175,54.9675,2019-02-12,Cash,52.35,2.6175,4.0,2019,2,12,Not Satisfied
373-14-0504,Alex,Yangon,Member,Female,Sports and travel,71.63,2,7.163,150.423,2019-02-12,Ewallet,143.26,7.163,8.8,2019,2,12,Satisfied
528-87-5606,Cairo,Mandalay,Member,Female,Electronic accessories,39.48,1,1.974,41.454,2019-02-12,Cash,39.48,1.974,6.5,2019,2,12,Not Satisfied
641-51-2661,Giza,Naypyitaw,Member,Female,Food and beverages,87.1,10,43.55,914.55,2019-02-12,Credit Card,871.0,43.55,9.9,2019,2,12,Satisfied
173-50-1108,Cairo,Mandalay,Member,Female,Sports and travel,20.18,4,4.036,84.756,2019-02-13,Credit Card,80.72,4.036,5.0,2019,2,13,Not Satisfied
767-54-1907,Cairo,Mandalay,Member,Female,Fashion accessories,29.56,5,7.39,155.19,2019-02-13,Cash,147.8,7.39,6.9,2019,2,13,Not Satisfied
151-16-1484,Alex,Yangon,Member,Male,Electronic accessories,32.25,4,6.45,135.45,2019-02-13,Ewallet,129.0,6.45,6.5,2019,2,13,Not Satisfied
139-52-2867,Giza,Naypyitaw,Normal,Female,Fashion accessories,22.51,7,7.8785,165.4485,2019-02-13,Credit Card,157.57,7.8785,4.8,2019,2,13,Not Satisfied
339-18-7061,Giza,Naypyitaw,Member,Female,Fashion accessories,92.98,2,9.298,195.258,2019-02-13,Credit Card,185.96,9.298,8.0,2019,2,13,Satisfied
388-76-2555,Cairo,Mandalay,Normal,Male,Sports and travel,54.795,6,4.107,86.247,2019-02-13,Cash,82.14,4.107,6.3,2019,2,13,Not Satisfied
549-23-9016,Giza,Naypyitaw,Member,Female,Food and beverages,14.87,2,1.487,31.227,2019-02-13,Credit Card,29.74,1.487,8.9,2019,2,13,Satisfied
563-36-9814,Alex,Yangon,Member,Male,Electronic accessories,76.82,1,3.841,80.661,2019-02-13,Ewallet,76.82,3.841,7.2,2019,2,13,Satisfied
109-86-4363,Cairo,Mandalay,Member,Female,Sports and travel,60.08,7,21.028,441.588,2019-02-14,Credit Card,420.56,21.028,4.5,2019,2,14,Not Satisfied
174-36-3675,Giza,Naypyitaw,Member,Male,Food and beverages,99.37,2,9.937,208.677,2019-02-14,Cash,198.74,9.937,5.2,2019,2,14,Not Satisfied
545-07-8534,Giza,Naypyitaw,Normal,Female,Health and beauty,58.32,2,5.832,122.472,2019-02-14,Ewallet,116.64,5.832,6.0,2019,2,14,Not Satisfied
235-46-8343,Giza,Naypyitaw,Member,Male,Food and beverages,27.66,10,13.83,290.43,2019-02-14,Credit Card,276.6,13.83,8.9,2019,2,14,Satisfied
150-89-8043,Alex,Yangon,Normal,Male,Sports and travel,44.65,3,6.6975,140.6475,2019-02-14,Cash,133.95,6.6975,6.2,2019,2,14,Not Satisfied
638-60-7125,Alex,Yangon,Member,Female,Electronic accessories,99.56,8,39.824,836.304,2019-02-14,Credit Card,796.48,39.824,5.2,2019,2,14,Not Satisfied
528-14-9470,Alex,Yangon,Member,Male,Health and beauty,91.3,1,4.565,95.865,2019-02-14,Ewallet,91.3,4.565,9.2,2019,2,14,Satisfied
853-23-2453,Cairo,Mandalay,Member,Female,Health and beauty,75.74,4,15.148,253.512,2019-02-14,Cash,302.96,15.148,7.6,2019,2,14,Satisfied
234-36-2483,Cairo,Mandalay,Normal,Male,Health and beauty,57.59,6,17.277,362.817,2019-02-15,Cash,345.54,17.277,5.1,2019,2,15,Not Satisfied
233-34-0817,Giza,Naypyitaw,Member,Female,Electronic accessories,98.84,1,4.942,103.782,2019-02-15,Cash,98.84,4.942,8.4,2019,2,15,Satisfied
136-08-6195,Alex,Yangon,Normal,Female,Home and lifestyle,69.96,8,27.984,587.664,2019-02-15,Credit Card,559.68,27.984,6.4,2019,2,15,Not Satisfied
246-11-3901,Giza,Naypyitaw,Normal,Female,Electronic accessories,32.8,10,16.4,344.4,2019-02-15,Cash,328.0,16.4,6.2,2019,2,15,Not Satisfied
860-79-0874,Giza,Naypyitaw,Member,Female,Fashion accessories,99.3,10,49.65,1042.65,2019-02-15,Credit Card,993.0,49.65,6.6,2019,2,15,Not Satisfied
873-95-4984,Cairo,Mandalay,Member,Female,Health and beauty,76.9,7,26.915,565.215,2019-02-15,Cash,538.3,26.915,7.7,2019,2,15,Satisfied
541-89-9860,Giza,Naypyitaw,Member,Female,Fashion accessories,80.48,3,12.072,253.512,2019-02-15,Cash,241.44,12.072,8.1,2019,2,15,Satisfied
372-94-8041,Alex,Yangon,Normal,Male,Health and beauty,15.26,6,4.578,96.138,2019-02-15,Ewallet,91.56,4.578,9.8,2019,2,15,Satisfied
321-49-7382,Cairo,Mandalay,Member,Male,Sports and travel,88.31,1,4.4155,92.7255,2019-02-15,Credit Card,88.31,4.4155,5.2,2019,2,15,Not Satisfied
710-46-4433,Cairo,Mandalay,Member,Female,Food and beverages,77.4,9,34.83,731.43,2019-02-15,Credit Card,696.6,34.83,4.5,2019,2,15,Not Satisfied
305-03-2383,Alex,Yangon,Normal,Female,Food and beverages,67.1,3,10.065,211.365,2019-02-15,Cash,201.3,10.065,7.5,2019,2,15,Satisfied
285-68-5083,Giza,Naypyitaw,Member,Female,Sports and travel,24.74,3,3.711,253.512,2019-02-15,Credit Card,74.22,3.711,10.0,2019,2,15,Satisfied
227-78-1148,Cairo,Mandalay,Member,Female,Fashion accessories,72.84,7,25.494,535.374,2019-02-15,Cash,509.88,25.494,8.4,2019,2,15,Satisfied
152-68-2907,Alex,Yangon,Normal,Male,Food and beverages,52.2,3,7.83,164.43,2019-02-15,Credit Card,156.6,7.83,9.5,2019,2,15,Satisfied
400-80-4065,Giza,Naypyitaw,Member,Male,Health and beauty,68.55,4,13.71,287.91,2019-02-15,Credit Card,274.2,13.71,9.2,2019,2,15,Satisfied
394-43-4238,Cairo,Mandalay,Member,Male,Home and lifestyle,17.77,5,4.4425,93.2925,2019-02-15,Credit Card,88.85,4.4425,5.4,2019,2,15,Not Satisfied
556-41-6224,Giza,Naypyitaw,Normal,Male,Health and beauty,33.64,8,13.456,282.576,2019-02-15,Credit Card,269.12,13.456,9.3,2019,2,15,Satisfied
497-36-0989,Alex,Yangon,Normal,Male,Fashion accessories,51.94,3,7.791,163.611,2019-02-15,Cash,155.82,7.791,7.9,2019,2,15,Satisfied
431-66-2305,Cairo,Mandalay,Normal,Female,Electronic accessories,88.25,9,39.7125,833.9625,2019-02-15,Credit Card,794.25,39.7125,7.6,2019,2,15,Satisfied
133-77-3154,Cairo,Mandalay,Member,Male,Fashion accessories,60.18,4,12.036,252.756,2019-02-16,Credit Card,240.72,12.036,9.4,2019,2,16,Satisfied
873-14-6353,Alex,Yangon,Member,Male,Food and beverages,24.82,7,8.687,182.427,2019-02-16,Credit Card,173.74,8.687,7.1,2019,2,16,Satisfied
273-84-2164,Giza,Naypyitaw,Member,Male,Electronic accessories,12.05,5,3.0125,63.2625,2019-02-16,Ewallet,60.25,3.0125,5.5,2019,2,16,Not Satisfied
598-06-7312,Cairo,Mandalay,Member,Male,Fashion accessories,91.35,1,4.5675,95.9175,2019-02-16,Cash,91.35,4.5675,6.8,2019,2,16,Not Satisfied
587-03-7455,Giza,Naypyitaw,Member,Female,Fashion accessories,97.79,7,34.2265,718.7565,2019-02-16,Ewallet,684.53,34.2265,4.9,2019,2,16,Not Satisfied
895-03-6665,Cairo,Mandalay,Normal,Female,Fashion accessories,36.51,9,16.4295,345.0195,2019-02-16,Cash,328.59,16.4295,4.2,2019,2,16,Not Satisfied
408-66-6712,Giza,Naypyitaw,Member,Female,Health and beauty,47.71,6,14.313,300.573,2019-02-16,Ewallet,286.26,14.313,4.4,2019,2,16,Not Satisfied
241-72-9525,Cairo,Mandalay,Normal,Female,Sports and travel,51.91,10,25.955,545.055,2019-02-16,Cash,519.1,25.955,8.2,2019,2,16,Satisfied
590-83-4591,Cairo,Mandalay,Member,Female,Electronic accessories,87.45,6,26.235,550.935,2019-02-17,Credit Card,524.7,26.235,8.8,2019,2,17,Satisfied
827-77-7633,Alex,Yangon,Normal,Male,Sports and travel,98.09,9,44.1405,926.9505,2019-02-17,Cash,882.81,44.1405,9.3,2019,2,17,Satisfied
636-48-8204,Alex,Yangon,Member,Female,Electronic accessories,34.56,5,8.64,181.44,2019-02-17,Ewallet,172.8,8.64,9.9,2019,2,17,Satisfied
634-97-8956,Alex,Yangon,Normal,Male,Food and beverages,32.9,3,4.935,103.635,2019-02-17,Credit Card,98.7,4.935,9.1,2019,2,17,Satisfied
788-21-5741,Alex,Yangon,Normal,Male,Fashion accessories,45.38,3,6.807,142.947,2019-02-17,Credit Card,136.14,6.807,7.2,2019,2,17,Satisfied
420-11-4919,Giza,Naypyitaw,Member,Female,Food and beverages,71.39,5,17.8475,374.7975,2019-02-17,Credit Card,356.95,17.8475,5.5,2019,2,17,Not Satisfied
389-25-3394,Giza,Naypyitaw,Normal,Male,Electronic accessories,11.81,5,2.9525,62.0025,2019-02-17,Cash,59.05,2.9525,9.4,2019,2,17,Satisfied
803-17-8013,Alex,Yangon,Member,Female,Home and lifestyle,88.79,8,35.516,745.836,2019-02-17,Cash,710.32,35.516,4.1,2019,2,17,Not Satisfied
612-36-5536,Alex,Yangon,Member,Male,Food and beverages,80.96,8,32.384,680.064,2019-02-17,Credit Card,647.68,32.384,7.4,2019,2,17,Satisfied
785-96-0615,Cairo,Mandalay,Member,Female,Electronic accessories,54.795,8,14.296,300.216,2019-02-17,Ewallet,285.92,14.296,4.9,2019,2,17,Not Satisfied
201-63-8275,Giza,Naypyitaw,Member,Female,Sports and travel,54.795,7,23.7965,499.7265,2019-02-17,Ewallet,475.93,23.7965,5.7,2019,2,17,Not Satisfied
131-70-8179,Alex,Yangon,Member,Female,Health and beauty,92.09,3,13.8135,290.0835,2019-02-17,Cash,276.27,13.8135,4.2,2019,2,17,Not Satisfied
123-35-4896,Giza,Naypyitaw,Normal,Female,Sports and travel,46.66,9,20.997,440.937,2019-02-17,Ewallet,419.94,20.997,5.3,2019,2,17,Not Satisfied
764-44-8999,Cairo,Mandalay,Normal,Female,Health and beauty,14.76,2,1.476,30.996,2019-02-18,Ewallet,29.52,1.476,4.3,2019,2,18,Not Satisfied
652-49-6720,Giza,Naypyitaw,Member,Female,Electronic accessories,60.95,1,3.0475,63.9975,2019-02-18,Ewallet,60.95,3.0475,5.9,2019,2,18,Not Satisfied
849-09-3807,Alex,Yangon,Member,Female,Fashion accessories,88.34,7,30.919,649.299,2019-02-18,Cash,618.38,30.919,6.6,2019,2,18,Not Satisfied
787-15-1757,Giza,Naypyitaw,Member,Male,Health and beauty,44.07,4,8.814,185.094,2019-02-18,Ewallet,176.28,8.814,8.4,2019,2,18,Satisfied
278-97-7759,Alex,Yangon,Member,Female,Electronic accessories,62.48,1,3.124,65.604,2019-02-18,Cash,62.48,3.124,4.7,2019,2,18,Not Satisfied
354-39-5160,Alex,Yangon,Member,Female,Home and lifestyle,34.42,6,10.326,216.846,2019-02-18,Cash,206.52,10.326,9.8,2019,2,18,Satisfied
597-78-7908,Giza,Naypyitaw,Normal,Female,Fashion accessories,90.22,3,13.533,284.193,2019-02-18,Cash,270.66,13.533,6.2,2019,2,18,Not Satisfied
629-42-4133,Giza,Naypyitaw,Normal,Male,Health and beauty,21.8,8,8.72,183.12,2019-02-19,Cash,174.4,8.72,8.3,2019,2,19,Satisfied
886-77-9084,Giza,Naypyitaw,Normal,Male,Electronic accessories,71.89,8,28.756,603.876,2019-02-19,Ewallet,575.12,28.756,5.5,2019,2,19,Not Satisfied
384-59-6655,Alex,Yangon,Member,Female,Food and beverages,98.66,9,44.397,932.337,2019-02-19,Cash,887.94,44.397,8.4,2019,2,19,Satisfied
183-21-3799,Giza,Naypyitaw,Normal,Female,Electronic accessories,77.63,9,34.9335,733.6035,2019-02-19,Ewallet,698.67,34.9335,7.2,2019,2,19,Satisfied
409-33-9708,Alex,Yangon,Normal,Female,Fashion accessories,98.48,2,9.848,206.808,2019-02-19,Ewallet,196.96,9.848,9.2,2019,2,19,Satisfied
868-06-0466,Alex,Yangon,Member,Male,Electronic accessories,69.58,9,31.311,657.531,2019-02-19,Credit Card,626.22,31.311,7.8,2019,2,19,Satisfied
449-16-6770,Alex,Yangon,Normal,Male,Health and beauty,50.79,5,12.6975,266.6475,2019-02-19,Credit Card,253.95,12.6975,5.3,2019,2,19,Not Satisfied
752-23-3760,Cairo,Mandalay,Member,Female,Sports and travel,64.08,7,22.428,470.988,2019-02-19,Credit Card,448.56,22.428,7.3,2019,2,19,Satisfied
272-27-9238,Giza,Naypyitaw,Normal,Female,Food and beverages,41.24,4,8.248,173.208,2019-02-19,Cash,164.96,8.248,7.1,2019,2,19,Satisfied
546-80-2899,Alex,Yangon,Member,Male,Home and lifestyle,37.69,2,3.769,79.149,2019-02-20,Ewallet,75.38,3.769,9.5,2019,2,20,Satisfied
311-13-6971,Cairo,Mandalay,Member,Male,Sports and travel,31.99,10,15.995,335.895,2019-02-20,Credit Card,319.9,15.995,9.9,2019,2,20,Satisfied
548-46-9322,Cairo,Mandalay,Normal,Male,Food and beverages,39.9,10,19.95,418.95,2019-02-20,Credit Card,399.0,19.95,5.9,2019,2,20,Not Satisfied
458-61-0011,Cairo,Mandalay,Normal,Male,Food and beverages,60.3,4,12.06,253.26,2019-02-20,Cash,241.2,12.06,5.8,2019,2,20,Not Satisfied
498-41-1961,Cairo,Mandalay,Normal,Male,Health and beauty,66.68,5,16.67,350.07,2019-02-20,Cash,333.4,16.67,7.6,2019,2,20,Satisfied
779-42-2410,Cairo,Mandalay,Member,Male,Food and beverages,57.74,3,8.661,181.881,2019-02-20,Ewallet,173.22,8.661,7.7,2019,2,20,Satisfied
725-56-0833,Alex,Yangon,Normal,Female,Health and beauty,32.32,10,16.16,339.36,2019-02-20,Credit Card,323.2,16.16,10.0,2019,2,20,Satisfied
782-95-9291,Alex,Yangon,Member,Male,Food and beverages,92.29,5,23.0725,484.5225,2019-02-20,Credit Card,461.45,23.0725,9.0,2019,2,20,Satisfied
848-95-6252,Giza,Naypyitaw,Member,Female,Home and lifestyle,86.27,1,4.3135,90.5835,2019-02-20,Ewallet,86.27,4.3135,7.0,2019,2,20,Satisfied
389-70-2397,Giza,Naypyitaw,Normal,Female,Health and beauty,83.66,5,20.915,439.215,2019-02-21,Cash,418.3,20.915,7.2,2019,2,21,Satisfied
279-62-1445,Giza,Naypyitaw,Member,Female,Fashion accessories,12.54,1,0.627,13.167,2019-02-21,Cash,12.54,0.627,8.2,2019,2,21,Satisfied
269-04-5750,Cairo,Mandalay,Member,Male,Fashion accessories,73.82,4,14.764,310.044,2019-02-21,Cash,295.28,14.764,6.7,2019,2,21,Not Satisfied
319-74-2561,Alex,Yangon,Member,Female,Electronic accessories,94.64,3,14.196,298.116,2019-02-21,Cash,283.92,14.196,5.5,2019,2,21,Not Satisfied
714-02-3114,Giza,Naypyitaw,Normal,Female,Sports and travel,98.8,2,9.88,207.48,2019-02-21,Cash,197.6,9.88,7.7,2019,2,21,Satisfied
503-21-4385,Cairo,Mandalay,Member,Male,Health and beauty,39.91,3,5.9865,125.7165,2019-02-21,Ewallet,119.73,5.9865,9.3,2019,2,21,Satisfied
864-24-7918,Alex,Yangon,Member,Female,Sports and travel,24.49,10,12.245,257.145,2019-02-22,Cash,244.9,12.245,8.1,2019,2,22,Satisfied
831-64-0259,Cairo,Mandalay,Normal,Female,Fashion accessories,39.75,5,9.9375,208.6875,2019-02-22,Ewallet,198.75,9.9375,9.6,2019,2,22,Satisfied
777-67-2495,Cairo,Mandalay,Normal,Male,Home and lifestyle,68.97,3,10.3455,217.2555,2019-02-22,Ewallet,206.91,10.3455,8.7,2019,2,22,Satisfied
838-02-1821,Giza,Naypyitaw,Member,Female,Home and lifestyle,12.73,2,1.273,26.733,2019-02-22,Credit Card,25.46,1.273,5.2,2019,2,22,Not Satisfied
347-56-2442,Alex,Yangon,Normal,Male,Home and lifestyle,65.82,1,3.291,69.111,2019-02-22,Cash,65.82,3.291,4.1,2019,2,22,Not Satisfied
807-14-7833,Alex,Yangon,Member,Female,Electronic accessories,54.795,10,8.71,182.91,2019-02-22,Ewallet,174.2,8.71,7.0,2019,2,22,Satisfied
582-52-8065,Cairo,Mandalay,Normal,Female,Fashion accessories,54.31,9,24.4395,513.2295,2019-02-22,Cash,488.79,24.4395,8.9,2019,2,22,Satisfied
488-25-4221,Giza,Naypyitaw,Member,Female,Food and beverages,30.41,1,1.5205,31.9305,2019-02-22,Credit Card,30.41,1.5205,8.4,2019,2,22,Satisfied
837-55-7229,Cairo,Mandalay,Normal,Female,Fashion accessories,47.44,1,2.372,49.812,2019-02-22,Credit Card,47.44,2.372,6.8,2019,2,22,Not Satisfied
690-01-6631,Cairo,Mandalay,Normal,Male,Fashion accessories,17.49,10,8.745,183.645,2019-02-22,Ewallet,174.9,8.745,6.6,2019,2,22,Not Satisfied
743-88-1662,Giza,Naypyitaw,Normal,Male,Sports and travel,95.49,7,33.4215,701.8515,2019-02-22,Ewallet,668.43,33.4215,8.7,2019,2,22,Satisfied
190-14-3147,Cairo,Mandalay,Normal,Female,Health and beauty,17.97,4,3.594,75.474,2019-02-23,Ewallet,71.88,3.594,6.4,2019,2,23,Not Satisfied
503-07-0930,Giza,Naypyitaw,Member,Male,Sports and travel,58.39,7,20.4365,429.1665,2019-02-23,Credit Card,408.73,20.4365,8.2,2019,2,23,Satisfied
831-81-6575,Cairo,Mandalay,Member,Female,Electronic accessories,75.59,9,34.0155,714.3255,2019-02-23,Cash,680.31,34.0155,8.0,2019,2,23,Satisfied
695-09-5146,Cairo,Mandalay,Member,Female,Food and beverages,98.79,3,14.8185,311.1885,2019-02-23,Ewallet,296.37,14.8185,6.4,2019,2,23,Not Satisfied
787-56-0757,Giza,Naypyitaw,Member,Female,Food and beverages,80.36,4,16.072,337.512,2019-02-23,Credit Card,321.44,16.072,8.3,2019,2,23,Satisfied
729-46-7422,Giza,Naypyitaw,Normal,Male,Food and beverages,35.89,1,1.7945,37.6845,2019-02-23,Credit Card,35.89,1.7945,7.9,2019,2,23,Satisfied
274-05-5470,Alex,Yangon,Member,Female,Food and beverages,73.47,4,14.694,308.574,2019-02-23,Cash,293.88,14.694,6.0,2019,2,23,Not Satisfied
396-90-2219,Cairo,Mandalay,Normal,Female,Electronic accessories,14.96,8,5.984,125.664,2019-02-23,Cash,119.68,5.984,8.6,2019,2,23,Satisfied
803-83-5989,Giza,Naypyitaw,Member,Female,Home and lifestyle,55.73,6,16.719,253.512,2019-02-24,Ewallet,334.38,16.719,7.0,2019,2,24,Satisfied
692-27-8933,Cairo,Mandalay,Normal,Female,Sports and travel,57.95,6,17.385,365.085,2019-02-24,Cash,347.7,17.385,5.2,2019,2,24,Not Satisfied
516-77-6464,Giza,Naypyitaw,Member,Female,Health and beauty,10.16,5,2.54,53.34,2019-02-24,Ewallet,50.8,2.54,4.1,2019,2,24,Not Satisfied
242-11-3142,Cairo,Mandalay,Member,Male,Fashion accessories,83.77,2,8.377,175.917,2019-02-24,Cash,167.54,8.377,4.6,2019,2,24,Not Satisfied
740-11-5257,Giza,Naypyitaw,Normal,Male,Electronic accessories,24.74,10,12.37,259.77,2019-02-24,Cash,247.4,12.37,7.1,2019,2,24,Satisfied
380-60-5336,Alex,Yangon,Normal,Female,Electronic accessories,40.26,10,20.13,422.73,2019-02-24,Credit Card,402.6,20.13,5.0,2019,2,24,Not Satisfied
186-43-8965,Alex,Yangon,Member,Female,Home and lifestyle,47.68,2,4.768,100.128,2019-02-24,Credit Card,95.36,4.768,4.1,2019,2,24,Not Satisfied
365-16-4334,Cairo,Mandalay,Normal,Female,Food and beverages,26.43,8,10.572,222.012,2019-02-24,Ewallet,211.44,10.572,8.9,2019,2,24,Satisfied
505-02-0892,Cairo,Mandalay,Member,Male,Health and beauty,42.57,8,17.028,357.588,2019-02-25,Ewallet,340.56,17.028,5.6,2019,2,25,Not Satisfied
308-81-0538,Alex,Yangon,Normal,Female,Fashion accessories,73.05,4,14.61,306.81,2019-02-25,Credit Card,292.2,14.61,4.9,2019,2,25,Not Satisfied
511-54-3087,Cairo,Mandalay,Normal,Male,Sports and travel,88.45,1,4.4225,92.8725,2019-02-25,Credit Card,88.45,4.4225,9.5,2019,2,25,Satisfied
834-83-1826,Cairo,Mandalay,Member,Female,Home and lifestyle,82.04,5,20.51,430.71,2019-02-25,Credit Card,410.2,20.51,7.6,2019,2,25,Satisfied
719-89-8991,Alex,Yangon,Member,Female,Sports and travel,91.41,5,22.8525,479.9025,2019-02-25,Ewallet,457.05,22.8525,7.1,2019,2,25,Satisfied
636-17-0325,Cairo,Mandalay,Normal,Male,Health and beauty,62.57,4,12.514,262.794,2019-02-25,Cash,250.28,12.514,9.5,2019,2,25,Satisfied
866-70-2814,Cairo,Mandalay,Normal,Female,Electronic accessories,52.79,10,26.395,554.295,2019-02-25,Ewallet,527.9,26.395,10.0,2019,2,25,Satisfied
502-05-1910,Alex,Yangon,Normal,Male,Health and beauty,65.18,3,9.777,205.317,2019-02-25,Credit Card,195.54,9.777,6.3,2019,2,25,Not Satisfied
459-45-2396,Alex,Yangon,Member,Female,Food and beverages,99.6,3,14.94,313.74,2019-02-25,Cash,298.8,14.94,5.8,2019,2,25,Not Satisfied
574-80-1489,Cairo,Mandalay,Member,Female,Food and beverages,62.85,4,12.57,263.97,2019-02-25,Ewallet,251.4,12.57,8.7,2019,2,25,Satisfied
871-79-8483,Cairo,Mandalay,Member,Female,Fashion accessories,94.13,5,23.5325,494.1825,2019-02-25,Credit Card,470.65,23.5325,4.8,2019,2,25,Not Satisfied
275-28-0149,Alex,Yangon,Normal,Male,Sports and travel,63.69,1,3.1845,66.8745,2019-02-25,Cash,63.69,3.1845,6.0,2019,2,25,Not Satisfied
300-71-4605,Giza,Naypyitaw,Member,Female,Electronic accessories,86.04,5,21.51,451.71,2019-02-25,Ewallet,430.2,21.51,4.8,2019,2,25,Not Satisfied
608-05-3804,Cairo,Mandalay,Member,Male,Electronic accessories,39.75,1,1.9875,41.7375,2019-02-25,Cash,39.75,1.9875,6.1,2019,2,25,Not Satisfied
735-06-4124,Giza,Naypyitaw,Normal,Male,Food and beverages,48.61,1,2.4305,51.0405,2019-02-25,Cash,48.61,2.4305,4.4,2019,2,25,Not Satisfied
707-32-7409,Cairo,Mandalay,Member,Female,Sports and travel,54.795,4,19.108,401.268,2019-02-26,Ewallet,382.16,19.108,4.5,2019,2,26,Not Satisfied
154-74-7179,Cairo,Mandalay,Normal,Male,Sports and travel,54.45,1,2.7225,57.1725,2019-02-26,Ewallet,54.45,2.7225,7.9,2019,2,26,Satisfied
702-72-0487,Alex,Yangon,Normal,Female,Electronic accessories,46.61,2,4.661,97.881,2019-02-26,Credit Card,93.22,4.661,6.6,2019,2,26,Not Satisfied
649-11-3678,Giza,Naypyitaw,Normal,Female,Food and beverages,22.93,9,10.3185,216.6885,2019-02-26,Cash,206.37,10.3185,5.5,2019,2,26,Not Satisfied
437-53-3084,Cairo,Mandalay,Normal,Male,Fashion accessories,99.89,2,9.989,209.769,2019-02-26,Ewallet,199.78,9.989,7.1,2019,2,26,Satisfied
491-38-3499,Alex,Yangon,Member,Male,Fashion accessories,55.45,1,2.7725,58.2225,2019-02-26,Credit Card,55.45,2.7725,4.9,2019,2,26,Not Satisfied
518-71-6847,Cairo,Mandalay,Member,Male,Food and beverages,26.6,6,7.98,167.58,2019-02-26,Ewallet,159.6,7.98,4.9,2019,2,26,Not Satisfied
477-24-6490,Cairo,Mandalay,Normal,Female,Health and beauty,99.71,6,29.913,628.173,2019-02-26,Ewallet,598.26,29.913,7.9,2019,2,26,Satisfied
466-61-5506,Cairo,Mandalay,Member,Female,Electronic accessories,90.7,6,27.21,571.41,2019-02-26,Cash,544.2,27.21,5.3,2019,2,26,Not Satisfied
250-17-5703,Alex,Yangon,Member,Male,Food and beverages,54.795,10,9.425,197.925,2019-02-27,Ewallet,188.5,9.425,5.6,2019,2,27,Not Satisfied
191-29-0321,Cairo,Mandalay,Member,Female,Fashion accessories,19.77,10,9.885,207.585,2019-02-27,Credit Card,197.7,9.885,5.0,2019,2,27,Not Satisfied
263-12-5321,Alex,Yangon,Member,Male,Electronic accessories,92.6,7,32.41,680.61,2019-02-27,Credit Card,648.2,32.41,9.3,2019,2,27,Satisfied
318-68-5053,Cairo,Mandalay,Member,Female,Health and beauty,76.99,6,23.097,485.037,2019-02-27,Cash,461.94,23.097,6.1,2019,2,27,Not Satisfied
759-98-4285,Giza,Naypyitaw,Member,Female,Health and beauty,54.795,7,30.0545,631.1445,2019-02-27,Credit Card,601.09,30.0545,8.0,2019,2,27,Satisfied
105-10-6182,Alex,Yangon,Member,Male,Fashion accessories,21.48,2,2.148,45.108,2019-02-27,Ewallet,42.96,2.148,6.6,2019,2,27,Not Satisfied
665-63-9737,Cairo,Mandalay,Normal,Male,Fashion accessories,52.42,3,7.863,165.123,2019-02-27,Ewallet,157.26,7.863,7.5,2019,2,27,Satisfied
370-41-7321,Cairo,Mandalay,Member,Female,Health and beauty,56.69,9,25.5105,535.7205,2019-02-27,Credit Card,510.21,25.5105,8.4,2019,2,27,Satisfied
135-84-8019,Alex,Yangon,Normal,Female,Fashion accessories,77.93,9,35.0685,736.4385,2019-02-27,Ewallet,701.37,35.0685,7.6,2019,2,27,Satisfied
243-55-8457,Alex,Yangon,Normal,Female,Food and beverages,74.44,10,37.22,781.62,2019-02-27,Ewallet,744.4,37.22,5.1,2019,2,27,Not Satisfied
400-45-1220,Cairo,Mandalay,Normal,Female,Health and beauty,13.5,10,6.75,141.75,2019-02-27,Credit Card,135.0,6.75,4.8,2019,2,27,Not Satisfied
741-73-3559,Cairo,Mandalay,Normal,Male,Sports and travel,67.27,5,16.8175,353.1675,2019-02-27,Cash,336.35,16.8175,6.9,2019,2,27,Not Satisfied
605-72-4132,Giza,Naypyitaw,Normal,Female,Food and beverages,94.47,8,37.788,793.548,2019-02-27,Cash,755.76,37.788,9.1,2019,2,27,Satisfied
250-81-7186,Giza,Naypyitaw,Normal,Female,Electronic accessories,99.69,1,4.9845,104.6745,2019-02-27,Credit Card,99.69,4.9845,8.0,2019,2,27,Satisfied
142-72-4741,Giza,Naypyitaw,Member,Male,Fashion accessories,93.2,2,9.32,195.72,2019-02-28,Credit Card,186.4,9.32,6.0,2019,2,28,Not Satisfied
786-94-2700,Alex,Yangon,Member,Male,Food and beverages,80.62,6,24.186,507.906,2019-02-28,Cash,483.72,24.186,9.1,2019,2,28,Satisfied
635-28-5728,Alex,Yangon,Normal,Male,Health and beauty,56.0,3,8.4,176.4,2019-02-28,Ewallet,168.0,8.4,4.8,2019,2,28,Not Satisfied
291-59-1384,Cairo,Mandalay,Normal,Male,Electronic accessories,60.3,1,3.015,63.315,2019-02-28,Cash,60.3,3.015,6.0,2019,2,28,Not Satisfied
709-58-4068,Cairo,Mandalay,Normal,Female,Fashion accessories,41.09,10,20.545,431.445,2019-02-28,Cash,410.9,20.545,7.3,2019,2,28,Satisfied
399-46-5918,Giza,Naypyitaw,Member,Female,Electronic accessories,85.98,8,34.392,253.512,2019-02-28,Cash,687.84,34.392,8.2,2019,2,28,Satisfied
453-63-6187,Cairo,Mandalay,Normal,Male,Electronic accessories,27.5,3,4.125,86.625,2019-03-01,Ewallet,82.5,4.125,6.5,2019,3,1,Not Satisfied
207-73-1363,Cairo,Mandalay,Normal,Male,Health and beauty,69.51,2,6.951,145.971,2019-03-01,Ewallet,139.02,6.951,8.1,2019,3,1,Satisfied
247-11-2470,Alex,Yangon,Member,Female,Fashion accessories,22.32,4,4.464,93.744,2019-03-01,Credit Card,89.28,4.464,4.4,2019,3,1,Not Satisfied
238-45-6950,Cairo,Mandalay,Member,Male,Food and beverages,53.72,1,2.686,56.406,2019-03-01,Ewallet,53.72,2.686,6.4,2019,3,1,Not Satisfied
153-58-4872,Giza,Naypyitaw,Member,Female,Food and beverages,74.89,4,14.978,314.538,2019-03-01,Ewallet,299.56,14.978,4.2,2019,3,1,Not Satisfied
220-28-1851,Alex,Yangon,Normal,Male,Home and lifestyle,34.73,2,3.473,72.933,2019-03-01,Ewallet,69.46,3.473,9.7,2019,3,1,Satisfied
339-96-8318,Cairo,Mandalay,Member,Male,Fashion accessories,81.31,7,28.4585,597.6285,2019-03-01,Ewallet,569.17,28.4585,6.3,2019,3,1,Not Satisfied
189-98-2939,Giza,Naypyitaw,Member,Female,Fashion accessories,78.55,9,35.3475,253.512,2019-03-01,Cash,706.95,35.3475,7.2,2019,3,1,Satisfied
811-03-8790,Alex,Yangon,Normal,Female,Electronic accessories,45.48,10,22.74,477.54,2019-03-01,Credit Card,454.8,22.74,4.8,2019,3,1,Not Satisfied
470-31-3286,Cairo,Mandalay,Normal,Male,Health and beauty,14.82,3,2.223,46.683,2019-03-01,Credit Card,44.46,2.223,8.7,2019,3,1,Satisfied
878-30-2331,Giza,Naypyitaw,Member,Female,Sports and travel,54.55,10,27.275,572.775,2019-03-02,Credit Card,545.5,27.275,7.1,2019,3,2,Satisfied
825-94-5922,Cairo,Mandalay,Normal,Male,Sports and travel,25.31,2,2.531,53.151,2019-03-02,Ewallet,50.62,2.531,7.2,2019,3,2,Satisfied
725-54-0677,Giza,Naypyitaw,Member,Male,Health and beauty,85.6,7,29.96,629.16,2019-03-02,Cash,599.2,29.96,5.3,2019,3,2,Not Satisfied
640-48-5028,Cairo,Mandalay,Member,Female,Home and lifestyle,88.39,9,39.7755,835.2855,2019-03-02,Cash,795.51,39.7755,6.3,2019,3,2,Not Satisfied
408-26-9866,Giza,Naypyitaw,Normal,Female,Sports and travel,73.98,7,25.893,543.753,2019-03-02,Ewallet,517.86,25.893,4.1,2019,3,2,Not Satisfied
576-31-4774,Cairo,Mandalay,Normal,Female,Health and beauty,73.41,3,11.0115,231.2415,2019-03-02,Ewallet,220.23,11.0115,4.0,2019,3,2,Not Satisfied
303-96-2227,Cairo,Mandalay,Normal,Female,Home and lifestyle,97.38,10,48.69,1022.49,2019-03-02,Ewallet,973.8,48.69,4.4,2019,3,2,Not Satisfied
720-72-2436,Alex,Yangon,Normal,Male,Food and beverages,66.52,4,13.304,279.384,2019-03-02,Ewallet,266.08,13.304,6.9,2019,3,2,Not Satisfied
883-17-4236,Giza,Naypyitaw,Normal,Female,Sports and travel,14.39,2,1.439,30.219,2019-03-02,Credit Card,28.78,1.439,7.2,2019,3,2,Satisfied
346-84-3103,Cairo,Mandalay,Member,Female,Electronic accessories,13.22,5,3.305,69.405,2019-03-02,Cash,66.1,3.305,4.3,2019,3,2,Not Satisfied
817-69-8206,Cairo,Mandalay,Normal,Female,Electronic accessories,99.73,9,44.8785,942.4485,2019-03-02,Credit Card,897.57,44.8785,6.5,2019,3,2,Not Satisfied
860-73-6466,Alex,Yangon,Member,Female,Sports and travel,39.47,2,3.947,82.887,2019-03-02,Credit Card,78.94,3.947,5.0,2019,3,2,Not Satisfied
636-98-3364,Cairo,Mandalay,Member,Female,Electronic accessories,26.26,3,3.939,82.719,2019-03-02,Ewallet,78.78,3.939,6.3,2019,3,2,Not Satisfied
565-67-6697,Cairo,Mandalay,Member,Male,Home and lifestyle,27.0,9,12.15,255.15,2019-03-02,Cash,243.0,12.15,4.8,2019,3,2,Not Satisfied
549-59-1358,Alex,Yangon,Member,Female,Sports and travel,88.63,3,13.2945,279.1845,2019-03-02,Ewallet,265.89,13.2945,6.0,2019,3,2,Not Satisfied
172-42-8274,Cairo,Mandalay,Normal,Female,Electronic accessories,38.27,2,3.827,80.367,2019-03-02,Credit Card,76.54,3.827,5.8,2019,3,2,Not Satisfied
607-76-6216,Giza,Naypyitaw,Member,Female,Fashion accessories,92.49,5,23.1225,485.5725,2019-03-02,Credit Card,462.45,23.1225,8.6,2019,3,2,Satisfied
225-98-1496,Giza,Naypyitaw,Member,Female,Fashion accessories,27.02,3,4.053,85.113,2019-03-02,Credit Card,81.06,4.053,7.1,2019,3,2,Satisfied
305-14-0245,Cairo,Mandalay,Member,Female,Home and lifestyle,94.49,8,37.796,793.716,2019-03-03,Ewallet,755.92,37.796,7.5,2019,3,3,Satisfied
568-88-3448,Alex,Yangon,Normal,Male,Health and beauty,25.0,1,1.25,26.25,2019-03-03,Ewallet,25.0,1.25,5.5,2019,3,3,Not Satisfied
777-82-7220,Cairo,Mandalay,Member,Female,Home and lifestyle,30.12,8,12.048,253.008,2019-03-03,Cash,240.96,12.048,7.7,2019,3,3,Satisfied
302-15-2162,Giza,Naypyitaw,Member,Male,Health and beauty,46.53,6,13.959,293.139,2019-03-03,Credit Card,279.18,13.959,4.3,2019,3,3,Not Satisfied
175-54-2529,Alex,Yangon,Member,Male,Food and beverages,22.17,8,8.868,186.228,2019-03-03,Credit Card,177.36,8.868,9.6,2019,3,3,Satisfied
234-03-4040,Cairo,Mandalay,Member,Female,Food and beverages,73.05,10,36.525,767.025,2019-03-03,Credit Card,730.5,36.525,8.7,2019,3,3,Satisfied
733-33-4967,Giza,Naypyitaw,Normal,Male,Electronic accessories,20.85,8,8.34,175.14,2019-03-03,Cash,166.8,8.34,6.3,2019,3,3,Not Satisfied
324-41-6833,Giza,Naypyitaw,Member,Female,Electronic accessories,30.2,8,12.08,253.68,2019-03-03,Ewallet,241.6,12.08,5.1,2019,3,3,Not Satisfied
211-05-0490,Giza,Naypyitaw,Member,Female,Electronic accessories,51.92,5,12.98,272.58,2019-03-03,Cash,259.6,12.98,7.5,2019,3,3,Satisfied
861-77-0145,Giza,Naypyitaw,Member,Female,Electronic accessories,81.97,10,40.985,860.685,2019-03-03,Cash,819.7,40.985,9.2,2019,3,3,Satisfied
651-96-5970,Alex,Yangon,Normal,Male,Fashion accessories,46.41,1,2.3205,48.7305,2019-03-03,Credit Card,46.41,2.3205,4.0,2019,3,3,Not Satisfied
468-99-7231,Giza,Naypyitaw,Normal,Female,Home and lifestyle,44.01,8,17.604,369.684,2019-03-03,Cash,352.08,17.604,8.8,2019,3,3,Satisfied
631-41-3108,Alex,Yangon,Normal,Female,Home and lifestyle,46.33,7,16.2155,340.5255,2019-03-03,Credit Card,324.31,16.2155,7.4,2019,3,3,Satisfied
610-46-4100,Alex,Yangon,Normal,Male,Health and beauty,28.95,7,10.1325,212.7825,2019-03-03,Credit Card,202.65,10.1325,6.0,2019,3,3,Not Satisfied
667-92-0055,Alex,Yangon,Member,Male,Health and beauty,99.83,6,29.949,628.929,2019-03-04,Ewallet,598.98,29.949,8.5,2019,3,4,Satisfied
346-12-3257,Cairo,Mandalay,Member,Male,Electronic accessories,19.24,9,8.658,181.818,2019-03-04,Cash,173.16,8.658,8.0,2019,3,4,Satisfied
558-60-5016,Alex,Yangon,Normal,Female,Home and lifestyle,33.3,9,14.985,314.685,2019-03-04,Ewallet,299.7,14.985,7.2,2019,3,4,Satisfied
227-50-3718,Alex,Yangon,Normal,Male,Health and beauty,14.62,5,3.655,76.755,2019-03-04,Cash,73.1,3.655,4.4,2019,3,4,Not Satisfied
276-75-6884,Alex,Yangon,Normal,Female,Health and beauty,68.71,3,10.3065,216.4365,2019-03-04,Cash,206.13,10.3065,8.7,2019,3,4,Satisfied
320-49-6392,Giza,Naypyitaw,Normal,Female,Electronic accessories,30.24,1,1.512,31.752,2019-03-04,Cash,30.24,1.512,8.4,2019,3,4,Satisfied
221-25-5073,Alex,Yangon,Normal,Female,Food and beverages,74.66,4,14.932,313.572,2019-03-04,Cash,298.64,14.932,8.5,2019,3,4,Satisfied
256-08-8343,Alex,Yangon,Normal,Female,Home and lifestyle,56.53,4,11.306,237.426,2019-03-04,Ewallet,226.12,11.306,5.5,2019,3,4,Not Satisfied
228-96-1411,Giza,Naypyitaw,Member,Female,Food and beverages,98.7,8,39.48,829.08,2019-03-04,Cash,789.6,39.48,7.6,2019,3,4,Satisfied
586-25-0848,Alex,Yangon,Normal,Female,Sports and travel,12.34,7,4.319,90.699,2019-03-04,Credit Card,86.38,4.319,6.7,2019,3,4,Not Satisfied
759-29-9521,Alex,Yangon,Member,Female,Fashion accessories,48.96,9,22.032,462.672,2019-03-04,Cash,440.64,22.032,8.0,2019,3,4,Satisfied
689-05-1884,Alex,Yangon,Member,Male,Health and beauty,48.63,10,24.315,510.615,2019-03-04,Cash,486.3,24.315,8.8,2019,3,4,Satisfied
433-75-6987,Cairo,Mandalay,Member,Female,Health and beauty,55.97,7,19.5895,411.3795,2019-03-05,Ewallet,391.79,19.5895,8.9,2019,3,5,Satisfied
608-04-3797,Cairo,Mandalay,Member,Female,Health and beauty,25.32,8,10.128,212.688,2019-03-05,Ewallet,202.56,10.128,8.7,2019,3,5,Satisfied
793-10-3222,Cairo,Mandalay,Member,Female,Health and beauty,41.06,6,12.318,258.678,2019-03-05,Credit Card,246.36,12.318,8.3,2019,3,5,Satisfied
174-64-0215,Cairo,Mandalay,Normal,Male,Sports and travel,69.74,10,34.87,732.27,2019-03-05,Credit Card,697.4,34.87,8.9,2019,3,5,Satisfied
593-14-4239,Cairo,Mandalay,Normal,Female,Home and lifestyle,54.795,8,38.184,801.864,2019-03-05,Ewallet,763.68,38.184,4.7,2019,3,5,Not Satisfied
655-07-2265,Alex,Yangon,Normal,Male,Electronic accessories,78.31,3,11.7465,246.6765,2019-03-05,Ewallet,234.93,11.7465,5.4,2019,3,5,Not Satisfied
755-12-3214,Giza,Naypyitaw,Member,Female,Fashion accessories,44.22,5,11.055,232.155,2019-03-05,Credit Card,221.1,11.055,8.6,2019,3,5,Satisfied
848-42-2560,Alex,Yangon,Normal,Female,Fashion accessories,81.91,2,8.191,172.011,2019-03-05,Cash,163.82,8.191,7.8,2019,3,5,Satisfied
371-85-5789,Cairo,Mandalay,Member,Female,Health and beauty,87.98,3,13.197,277.137,2019-03-05,Ewallet,263.94,13.197,5.1,2019,3,5,Not Satisfied
829-49-1914,Giza,Naypyitaw,Member,Female,Food and beverages,78.31,10,39.155,822.255,2019-03-05,Ewallet,783.1,39.155,6.6,2019,3,5,Not Satisfied
730-50-9884,Giza,Naypyitaw,Member,Female,Sports and travel,83.06,7,29.071,610.491,2019-03-05,Ewallet,581.42,29.071,4.0,2019,3,5,Not Satisfied
733-01-9107,Cairo,Mandalay,Member,Female,Home and lifestyle,82.7,6,24.81,253.512,2019-03-05,Cash,496.2,24.81,7.4,2019,3,5,Satisfied
102-77-2261,Giza,Naypyitaw,Member,Male,Health and beauty,65.31,7,22.8585,480.0285,2019-03-05,Credit Card,457.17,22.8585,4.2,2019,3,5,Not Satisfied
291-32-1427,Cairo,Mandalay,Member,Female,Fashion accessories,21.94,5,5.485,115.185,2019-03-05,Ewallet,109.7,5.485,5.3,2019,3,5,Not Satisfied
895-66-0685,Cairo,Mandalay,Member,Male,Food and beverages,18.08,3,2.712,56.952,2019-03-05,Ewallet,54.24,2.712,8.0,2019,3,5,Satisfied
148-82-2527,Giza,Naypyitaw,Member,Female,Home and lifestyle,12.12,10,6.06,127.26,2019-03-05,Credit Card,121.2,6.06,8.4,2019,3,5,Satisfied
510-95-6347,Cairo,Mandalay,Member,Female,Food and beverages,48.52,3,7.278,253.512,2019-03-05,Ewallet,145.56,7.278,4.0,2019,3,5,Not Satisfied
199-75-8169,Alex,Yangon,Member,Female,Sports and travel,15.81,10,7.905,253.512,2019-03-06,Credit Card,158.1,7.905,8.6,2019,3,6,Satisfied
262-47-2794,Cairo,Mandalay,Member,Male,Home and lifestyle,71.86,8,28.744,603.624,2019-03-06,Credit Card,574.88,28.744,6.2,2019,3,6,Not Satisfied
885-17-6250,Alex,Yangon,Normal,Female,Health and beauty,79.74,1,3.987,83.727,2019-03-06,Ewallet,79.74,3.987,7.3,2019,3,6,Satisfied
149-15-7606,Cairo,Mandalay,Member,Male,Sports and travel,37.32,9,16.794,352.674,2019-03-06,Ewallet,335.88,16.794,5.1,2019,3,6,Not Satisfied
783-09-1637,Cairo,Mandalay,Normal,Female,Sports and travel,67.43,5,16.8575,354.0075,2019-03-06,Ewallet,337.15,16.8575,6.3,2019,3,6,Not Satisfied
468-01-2051,Cairo,Mandalay,Normal,Male,Food and beverages,62.08,7,21.728,456.288,2019-03-06,Ewallet,434.56,21.728,5.4,2019,3,6,Not Satisfied
523-38-0215,Giza,Naypyitaw,Normal,Male,Home and lifestyle,37.0,1,1.85,38.85,2019-03-06,Credit Card,37.0,1.85,7.9,2019,3,6,Satisfied
254-31-0042,Alex,Yangon,Member,Male,Electronic accessories,21.5,9,9.675,203.175,2019-03-06,Credit Card,193.5,9.675,7.8,2019,3,6,Satisfied
802-70-5316,Alex,Yangon,Member,Female,Sports and travel,92.13,6,27.639,580.419,2019-03-06,Cash,552.78,27.639,8.3,2019,3,6,Satisfied
715-20-1673,Cairo,Mandalay,Normal,Male,Electronic accessories,28.38,5,7.095,148.995,2019-03-06,Cash,141.9,7.095,9.4,2019,3,6,Satisfied
883-69-1285,Cairo,Mandalay,Member,Male,Fashion accessories,49.92,2,4.992,104.832,2019-03-06,Credit Card,99.84,4.992,7.0,2019,3,6,Satisfied
643-38-7867,Alex,Yangon,Normal,Male,Home and lifestyle,97.94,1,4.897,102.837,2019-03-07,Ewallet,97.94,4.897,6.9,2019,3,7,Not Satisfied
242-55-6721,Cairo,Mandalay,Member,Female,Home and lifestyle,16.16,2,1.616,33.936,2019-03-07,Ewallet,32.32,1.616,6.5,2019,3,7,Not Satisfied
821-07-3596,Giza,Naypyitaw,Normal,Female,Fashion accessories,16.45,4,3.29,69.09,2019-03-07,Ewallet,65.8,3.29,5.6,2019,3,7,Not Satisfied
748-45-2862,Alex,Yangon,Member,Female,Home and lifestyle,28.31,4,5.662,118.902,2019-03-07,Cash,113.24,5.662,8.2,2019,3,7,Satisfied
307-85-2293,Cairo,Mandalay,Normal,Male,Home and lifestyle,50.28,5,12.57,263.97,2019-03-07,Ewallet,251.4,12.57,9.7,2019,3,7,Satisfied
423-64-4619,Alex,Yangon,Member,Female,Health and beauty,15.55,9,6.9975,146.9475,2019-03-07,Cash,139.95,6.9975,5.0,2019,3,7,Not Satisfied
399-69-4630,Giza,Naypyitaw,Normal,Male,Electronic accessories,22.21,6,6.663,139.923,2019-03-07,Credit Card,133.26,6.663,8.6,2019,3,7,Satisfied
598-47-9715,Giza,Naypyitaw,Normal,Male,Electronic accessories,84.07,4,16.814,353.094,2019-03-07,Ewallet,336.28,16.814,4.4,2019,3,7,Not Satisfied
471-41-2823,Giza,Naypyitaw,Normal,Male,Food and beverages,99.79,2,9.979,209.559,2019-03-07,Ewallet,199.58,9.979,8.0,2019,3,7,Satisfied
364-33-8584,Cairo,Mandalay,Member,Female,Food and beverages,17.63,5,4.4075,92.5575,2019-03-08,Cash,88.15,4.4075,8.5,2019,3,8,Satisfied
632-90-0281,Giza,Naypyitaw,Normal,Female,Fashion accessories,37.55,10,18.775,394.275,2019-03-08,Credit Card,375.5,18.775,9.3,2019,3,8,Satisfied
458-41-1477,Giza,Naypyitaw,Normal,Female,Health and beauty,46.26,6,13.878,291.438,2019-03-08,Credit Card,277.56,13.878,9.5,2019,3,8,Satisfied
483-71-1164,Giza,Naypyitaw,Normal,Female,Health and beauty,81.3,6,24.39,512.19,2019-03-08,Ewallet,487.8,24.39,5.3,2019,3,8,Not Satisfied
563-91-7120,Alex,Yangon,Normal,Female,Fashion accessories,61.77,5,15.4425,324.2925,2019-03-08,Cash,308.85,15.4425,6.7,2019,3,8,Not Satisfied
345-08-4992,Alex,Yangon,Normal,Male,Home and lifestyle,33.99,6,10.197,214.137,2019-03-08,Credit Card,203.94,10.197,7.7,2019,3,8,Satisfied
574-57-9721,Giza,Naypyitaw,Normal,Male,Food and beverages,43.27,2,4.327,90.867,2019-03-08,Ewallet,86.54,4.327,5.7,2019,3,8,Not Satisfied
226-31-3081,Giza,Naypyitaw,Normal,Female,Electronic accessories,15.28,5,3.82,80.22,2019-03-08,Cash,76.4,3.82,9.6,2019,3,8,Satisfied
594-34-4444,Alex,Yangon,Member,Female,Electronic accessories,97.16,1,4.858,253.512,2019-03-08,Ewallet,97.16,4.858,7.2,2019,3,8,Satisfied
549-96-4200,Giza,Naypyitaw,Member,Male,Food and beverages,17.04,4,3.408,71.568,2019-03-08,Ewallet,68.16,3.408,7.0,2019,3,8,Satisfied
325-77-6186,Alex,Yangon,Member,Female,Home and lifestyle,90.65,10,45.325,951.825,2019-03-08,Ewallet,906.5,45.325,7.3,2019,3,8,Satisfied
219-22-9386,Cairo,Mandalay,Member,Female,Sports and travel,99.96,9,44.982,944.622,2019-03-09,Credit Card,899.64,44.982,4.2,2019,3,9,Not Satisfied
157-13-5295,Alex,Yangon,Member,Male,Health and beauty,51.94,10,25.97,545.37,2019-03-09,Ewallet,519.4,25.97,6.5,2019,3,9,Not Satisfied
652-43-6591,Alex,Yangon,Normal,Female,Fashion accessories,54.795,8,38.916,817.236,2019-03-09,Credit Card,778.32,38.916,6.2,2019,3,9,Not Satisfied
816-57-2053,Alex,Yangon,Normal,Male,Sports and travel,60.87,2,6.087,127.827,2019-03-09,Ewallet,121.74,6.087,8.7,2019,3,9,Satisfied
268-27-6179,Cairo,Mandalay,Member,Female,Fashion accessories,56.47,8,22.588,474.348,2019-03-09,Ewallet,451.76,22.588,7.3,2019,3,9,Satisfied
489-64-4354,Giza,Naypyitaw,Normal,Male,Fashion accessories,16.28,1,0.814,17.094,2019-03-09,Cash,16.28,0.814,5.0,2019,3,9,Not Satisfied
277-35-5865,Giza,Naypyitaw,Member,Female,Food and beverages,98.97,9,44.5365,935.2665,2019-03-09,Cash,890.73,44.5365,6.7,2019,3,9,Not Satisfied
841-35-6630,Giza,Naypyitaw,Member,Female,Electronic accessories,75.91,6,22.773,253.512,2019-03-09,Cash,455.46,22.773,8.7,2019,3,9,Satisfied
616-87-0016,Cairo,Mandalay,Normal,Male,Fashion accessories,95.54,7,33.439,702.219,2019-03-09,Credit Card,668.78,33.439,9.6,2019,3,9,Satisfied
127-47-6963,Alex,Yangon,Normal,Male,Health and beauty,51.71,4,10.342,217.182,2019-03-09,Credit Card,206.84,10.342,9.8,2019,3,9,Satisfied
132-32-9879,Cairo,Mandalay,Member,Female,Electronic accessories,93.96,4,18.792,394.632,2019-03-09,Cash,375.84,18.792,9.5,2019,3,9,Satisfied
360-39-5055,Giza,Naypyitaw,Member,Female,Sports and travel,48.91,5,12.2275,256.7775,2019-03-09,Cash,244.55,12.2275,6.6,2019,3,9,Not Satisfied
815-11-1168,Alex,Yangon,Member,Male,Food and beverages,99.78,5,24.945,523.845,2019-03-09,Cash,498.9,24.945,5.4,2019,3,9,Not Satisfied
299-29-0180,Cairo,Mandalay,Member,Female,Home and lifestyle,52.18,7,18.263,383.523,2019-03-09,Cash,365.26,18.263,9.3,2019,3,9,Satisfied
308-47-4913,Alex,Yangon,Member,Female,Sports and travel,52.26,10,26.13,548.73,2019-03-09,Credit Card,522.6,26.13,6.2,2019,3,9,Not Satisfied
696-90-2548,Alex,Yangon,Normal,Male,Sports and travel,25.84,3,3.876,81.396,2019-03-10,Ewallet,77.52,3.876,6.6,2019,3,10,Not Satisfied
668-90-8900,Alex,Yangon,Member,Female,Home and lifestyle,93.69,7,32.7915,688.6215,2019-03-10,Credit Card,655.83,32.7915,4.5,2019,3,10,Not Satisfied
156-20-0370,Cairo,Mandalay,Normal,Female,Electronic accessories,25.45,1,1.2725,26.7225,2019-03-10,Credit Card,25.45,1.2725,5.1,2019,3,10,Not Satisfied
745-74-0715,Alex,Yangon,Normal,Male,Electronic accessories,58.03,2,5.803,121.863,2019-03-10,Ewallet,116.06,5.803,8.8,2019,3,10,Satisfied
129-29-8530,Alex,Yangon,Member,Female,Sports and travel,62.62,5,15.655,328.755,2019-03-10,Ewallet,313.1,15.655,7.0,2019,3,10,Satisfied
607-65-2441,Giza,Naypyitaw,Member,Male,Health and beauty,81.95,10,40.975,860.475,2019-03-10,Credit Card,819.5,40.975,6.0,2019,3,10,Not Satisfied
596-42-3999,Cairo,Mandalay,Normal,Male,Food and beverages,18.22,7,6.377,133.917,2019-03-10,Credit Card,127.54,6.377,6.6,2019,3,10,Not Satisfied
790-29-1172,Cairo,Mandalay,Normal,Female,Food and beverages,57.34,3,8.601,180.621,2019-03-10,Credit Card,172.02,8.601,7.9,2019,3,10,Satisfied
189-17-4241,Alex,Yangon,Member,Female,Fashion accessories,87.67,2,8.767,184.107,2019-03-10,Credit Card,175.34,8.767,7.7,2019,3,10,Satisfied
246-55-6923,Giza,Naypyitaw,Member,Female,Home and lifestyle,35.79,9,16.1055,338.2155,2019-03-10,Credit Card,322.11,16.1055,5.1,2019,3,10,Not Satisfied
239-48-4278,Alex,Yangon,Member,Male,Food and beverages,10.13,7,3.5455,74.4555,2019-03-10,Ewallet,70.91,3.5455,8.3,2019,3,10,Satisfied
453-12-7053,Giza,Naypyitaw,Normal,Male,Fashion accessories,45.74,3,6.861,144.081,2019-03-10,Credit Card,137.22,6.861,6.5,2019,3,10,Not Satisfied
448-81-5016,Alex,Yangon,Normal,Male,Health and beauty,59.77,2,5.977,125.517,2019-03-11,Credit Card,119.54,5.977,5.8,2019,3,11,Not Satisfied
689-16-9784,Giza,Naypyitaw,Normal,Male,Food and beverages,46.77,6,14.031,294.651,2019-03-11,Cash,280.62,14.031,6.0,2019,3,11,Not Satisfied
892-05-6689,Alex,Yangon,Normal,Female,Home and lifestyle,28.32,5,7.08,148.68,2019-03-11,Ewallet,141.6,7.08,6.2,2019,3,11,Not Satisfied
584-86-7256,Giza,Naypyitaw,Member,Male,Sports and travel,34.56,7,12.096,254.016,2019-03-11,Credit Card,241.92,12.096,7.3,2019,3,11,Satisfied
656-95-9349,Alex,Yangon,Member,Female,Health and beauty,68.93,7,24.1255,506.6355,2019-03-11,Credit Card,482.51,24.1255,4.6,2019,3,11,Not Satisfied
214-30-2776,Cairo,Mandalay,Member,Female,Electronic accessories,34.49,5,8.6225,181.0725,2019-03-11,Credit Card,172.45,8.6225,9.0,2019,3,11,Satisfied
704-20-4138,Giza,Naypyitaw,Member,Female,Health and beauty,29.67,7,10.3845,218.0745,2019-03-11,Credit Card,207.69,10.3845,8.1,2019,3,11,Satisfied
891-58-8335,Cairo,Mandalay,Member,Female,Sports and travel,29.61,7,10.3635,217.6335,2019-03-11,Cash,207.27,10.3635,6.5,2019,3,11,Not Satisfied
319-50-3348,Cairo,Mandalay,Member,Female,Home and lifestyle,40.3,2,4.03,84.63,2019-03-11,Ewallet,80.6,4.03,4.4,2019,3,11,Not Satisfied
721-86-6247,Alex,Yangon,Normal,Female,Home and lifestyle,63.42,8,25.368,532.728,2019-03-11,Ewallet,507.36,25.368,7.4,2019,3,11,Satisfied
749-81-8133,Alex,Yangon,Normal,Female,Fashion accessories,94.67,4,18.934,397.614,2019-03-11,Cash,378.68,18.934,6.8,2019,3,11,Not Satisfied
152-08-9985,Cairo,Mandalay,Member,Female,Health and beauty,64.36,9,28.962,608.202,2019-03-12,Credit Card,579.24,28.962,8.6,2019,3,12,Satisfied
427-45-9297,Cairo,Mandalay,Member,Female,Home and lifestyle,40.73,7,14.2555,299.3655,2019-03-12,Ewallet,285.11,14.2555,5.4,2019,3,12,Not Satisfied
253-12-6086,Alex,Yangon,Member,Female,Sports and travel,98.4,7,34.44,723.24,2019-03-12,Credit Card,688.8,34.44,8.7,2019,3,12,Satisfied
699-01-4164,Giza,Naypyitaw,Normal,Male,Health and beauty,41.5,4,8.3,174.3,2019-03-12,Credit Card,166.0,8.3,8.2,2019,3,12,Satisfied
120-06-4233,Giza,Naypyitaw,Member,Female,Electronic accessories,30.61,6,9.183,253.512,2019-03-12,Cash,183.66,9.183,9.3,2019,3,12,Satisfied
651-61-0874,Giza,Naypyitaw,Normal,Male,Home and lifestyle,46.22,4,9.244,194.124,2019-03-12,Credit Card,184.88,9.244,6.2,2019,3,12,Not Satisfied
276-54-0879,Cairo,Mandalay,Normal,Male,Sports and travel,97.74,4,19.548,410.508,2019-03-12,Ewallet,390.96,19.548,6.4,2019,3,12,Not Satisfied
565-17-3836,Alex,Yangon,Member,Female,Health and beauty,47.67,4,9.534,200.214,2019-03-12,Cash,190.68,9.534,9.1,2019,3,12,Satisfied
573-10-3877,Cairo,Mandalay,Member,Male,Health and beauty,39.01,1,1.9505,40.9605,2019-03-12,Credit Card,39.01,1.9505,4.7,2019,3,12,Not Satisfied
719-76-3868,Giza,Naypyitaw,Member,Male,Food and beverages,94.26,4,18.852,395.892,2019-03-12,Cash,377.04,18.852,8.6,2019,3,12,Satisfied
545-46-3100,Cairo,Mandalay,Member,Female,Electronic accessories,10.59,3,1.5885,33.3585,2019-03-12,Credit Card,31.77,1.5885,8.7,2019,3,12,Satisfied
266-20-6657,Giza,Naypyitaw,Member,Male,Food and beverages,55.04,7,19.264,404.544,2019-03-12,Ewallet,385.28,19.264,5.2,2019,3,12,Not Satisfied
336-78-2147,Giza,Naypyitaw,Member,Female,Home and lifestyle,63.91,8,25.564,536.844,2019-03-13,Credit Card,511.28,25.564,4.6,2019,3,13,Not Satisfied
173-57-2300,Giza,Naypyitaw,Member,Male,Sports and travel,72.88,2,7.288,153.048,2019-03-13,Cash,145.76,7.288,6.1,2019,3,13,Not Satisfied
686-41-0932,Cairo,Mandalay,Normal,Female,Fashion accessories,34.7,2,3.47,72.87,2019-03-13,Ewallet,69.4,3.47,8.2,2019,3,13,Satisfied
655-85-5130,Cairo,Mandalay,Member,Female,Fashion accessories,38.3,4,7.66,160.86,2019-03-13,Cash,153.2,7.66,5.7,2019,3,13,Not Satisfied
584-66-4073,Giza,Naypyitaw,Normal,Male,Fashion accessories,56.5,1,2.825,59.325,2019-03-13,Ewallet,56.5,2.825,9.6,2019,3,13,Satisfied
137-74-8729,Giza,Naypyitaw,Normal,Female,Fashion accessories,12.19,8,4.876,102.396,2019-03-13,Ewallet,97.52,4.876,6.8,2019,3,13,Not Satisfied
316-01-3952,Alex,Yangon,Normal,Female,Food and beverages,54.27,5,13.5675,284.9175,2019-03-13,Ewallet,271.35,13.5675,4.6,2019,3,13,Not Satisfied
877-22-3308,Alex,Yangon,Member,Female,Health and beauty,15.87,10,7.935,253.512,2019-03-13,Cash,158.7,7.935,5.8,2019,3,13,Not Satisfied
585-03-5943,Cairo,Mandalay,Normal,Male,Health and beauty,18.11,10,9.055,190.155,2019-03-13,Ewallet,181.1,9.055,5.9,2019,3,13,Not Satisfied
101-17-6199,Alex,Yangon,Normal,Male,Food and beverages,45.79,7,16.0265,336.5565,2019-03-13,Credit Card,320.53,16.0265,7.0,2019,3,13,Satisfied
457-12-0244,Giza,Naypyitaw,Member,Female,Sports and travel,35.22,6,10.566,221.886,2019-03-14,Ewallet,211.32,10.566,6.5,2019,3,14,Not Satisfied
808-65-0703,Giza,Naypyitaw,Normal,Male,Home and lifestyle,35.47,4,7.094,148.974,2019-03-14,Credit Card,141.88,7.094,6.9,2019,3,14,Not Satisfied
442-48-3607,Alex,Yangon,Member,Male,Food and beverages,23.48,2,2.348,49.308,2019-03-14,Credit Card,46.96,2.348,7.9,2019,3,14,Satisfied
499-27-7781,Cairo,Mandalay,Normal,Female,Food and beverages,53.21,8,21.284,446.964,2019-03-14,Ewallet,425.68,21.284,5.0,2019,3,14,Not Satisfied
628-90-8624,Cairo,Mandalay,Member,Male,Health and beauty,82.58,10,41.29,867.09,2019-03-14,Cash,825.8,41.29,5.0,2019,3,14,Not Satisfied
139-32-4183,Alex,Yangon,Member,Female,Sports and travel,97.48,9,43.866,921.186,2019-03-14,Ewallet,877.32,43.866,7.4,2019,3,14,Satisfied
210-30-7976,Cairo,Mandalay,Member,Female,Fashion accessories,22.32,4,4.464,93.744,2019-03-14,Ewallet,89.28,4.464,4.1,2019,3,14,Not Satisfied
189-52-0236,Alex,Yangon,Normal,Male,Electronic accessories,99.55,7,34.8425,731.6925,2019-03-14,Cash,696.85,34.8425,7.6,2019,3,14,Satisfied
373-09-4567,Giza,Naypyitaw,Normal,Male,Food and beverages,77.56,10,38.78,814.38,2019-03-14,Ewallet,775.6,38.78,6.9,2019,3,14,Not Satisfied
122-61-9553,Giza,Naypyitaw,Normal,Female,Electronic accessories,51.32,9,23.094,484.974,2019-03-14,Cash,461.88,23.094,5.6,2019,3,14,Not Satisfied
840-19-2096,Giza,Naypyitaw,Member,Male,Electronic accessories,87.91,5,21.9775,461.5275,2019-03-14,Ewallet,439.55,21.9775,4.4,2019,3,14,Not Satisfied
730-70-9830,Giza,Naypyitaw,Normal,Female,Home and lifestyle,70.11,6,21.033,441.693,2019-03-14,Ewallet,420.66,21.033,5.2,2019,3,14,Not Satisfied
174-75-0888,Cairo,Mandalay,Normal,Male,Electronic accessories,21.58,9,9.711,203.931,2019-03-14,Cash,194.22,9.711,7.3,2019,3,14,Satisfied
169-52-4504,Alex,Yangon,Normal,Female,Electronic accessories,15.69,3,2.3535,49.4235,2019-03-14,Credit Card,47.07,2.3535,5.8,2019,3,14,Not Satisfied
722-13-2115,Giza,Naypyitaw,Member,Male,Sports and travel,42.85,1,2.1425,44.9925,2019-03-14,Credit Card,42.85,2.1425,9.3,2019,3,14,Satisfied
558-80-4082,Giza,Naypyitaw,Normal,Male,Electronic accessories,27.85,7,9.7475,204.6975,2019-03-14,Ewallet,194.95,9.7475,6.0,2019,3,14,Not Satisfied
379-17-6588,Giza,Naypyitaw,Normal,Male,Fashion accessories,59.61,10,29.805,625.905,2019-03-14,Cash,596.1,29.805,5.3,2019,3,14,Not Satisfied
115-99-4379,Cairo,Mandalay,Member,Female,Fashion accessories,54.73,7,19.1555,402.2655,2019-03-14,Credit Card,383.11,19.1555,8.5,2019,3,14,Satisfied
565-91-4567,Cairo,Mandalay,Normal,Male,Health and beauty,10.75,8,4.3,90.3,2019-03-15,Ewallet,86.0,4.3,6.2,2019,3,15,Not Satisfied
605-83-1050,Cairo,Mandalay,Normal,Male,Fashion accessories,27.18,2,2.718,57.078,2019-03-15,Ewallet,54.36,2.718,4.3,2019,3,15,Not Satisfied
585-11-6748,Cairo,Mandalay,Member,Male,Sports and travel,96.8,3,14.52,304.92,2019-03-15,Cash,290.4,14.52,5.3,2019,3,15,Not Satisfied
848-62-7243,Alex,Yangon,Member,Female,Health and beauty,24.89,9,11.2005,235.2105,2019-03-15,Cash,224.01,11.2005,7.4,2019,3,15,Satisfied
760-54-1821,Cairo,Mandalay,Normal,Male,Home and lifestyle,13.59,9,6.1155,128.4255,2019-03-15,Cash,122.31,6.1155,5.8,2019,3,15,Not Satisfied
154-87-7367,Giza,Naypyitaw,Normal,Male,Home and lifestyle,65.26,8,26.104,548.184,2019-03-15,Ewallet,522.08,26.104,6.3,2019,3,15,Not Satisfied
359-94-5395,Cairo,Mandalay,Normal,Male,Health and beauty,92.78,1,4.639,97.419,2019-03-15,Credit Card,92.78,4.639,9.8,2019,3,15,Satisfied
542-41-0513,Cairo,Mandalay,Member,Female,Electronic accessories,57.49,4,11.498,241.458,2019-03-15,Cash,229.96,11.498,6.6,2019,3,15,Not Satisfied
595-11-5460,Alex,Yangon,Member,Female,Health and beauty,96.58,2,9.658,202.818,2019-03-15,Credit Card,193.16,9.658,5.1,2019,3,15,Not Satisfied
510-09-5628,Alex,Yangon,Member,Female,Fashion accessories,19.66,10,9.83,206.43,2019-03-15,Credit Card,196.6,9.83,7.2,2019,3,15,Satisfied
273-16-6619,Cairo,Mandalay,Member,Female,Home and lifestyle,33.2,2,3.32,69.72,2019-03-15,Credit Card,66.4,3.32,4.4,2019,3,15,Not Satisfied
361-59-0574,Cairo,Mandalay,Member,Male,Sports and travel,90.53,8,36.212,760.452,2019-03-15,Credit Card,724.24,36.212,6.5,2019,3,15,Not Satisfied
701-69-8742,Cairo,Mandalay,Normal,Male,Sports and travel,34.37,10,17.185,360.885,2019-03-16,Ewallet,343.7,17.185,6.7,2019,3,16,Not Satisfied
575-30-8091,Alex,Yangon,Normal,Female,Sports and travel,72.5,8,29.0,609.0,2019-03-16,Ewallet,580.0,29.0,9.2,2019,3,16,Satisfied
290-68-2984,Alex,Yangon,Normal,Male,Home and lifestyle,23.75,4,4.75,99.75,2019-03-16,Cash,95.0,4.75,5.2,2019,3,16,Not Satisfied
711-31-1234,Cairo,Mandalay,Normal,Female,Electronic accessories,54.795,4,19.128,401.688,2019-03-16,Cash,382.56,19.128,7.9,2019,3,16,Satisfied
727-17-0390,Alex,Yangon,Normal,Female,Food and beverages,63.61,5,15.9025,333.9525,2019-03-16,Ewallet,318.05,15.9025,4.8,2019,3,16,Not Satisfied
210-74-9613,Giza,Naypyitaw,Normal,Male,Fashion accessories,97.26,4,19.452,408.492,2019-03-16,Ewallet,389.04,19.452,6.8,2019,3,16,Not Satisfied
617-15-4209,Giza,Naypyitaw,Member,Female,Health and beauty,15.37,2,1.537,32.277,2019-03-16,Cash,30.74,1.537,7.2,2019,3,16,Satisfied
578-80-7669,Cairo,Mandalay,Normal,Male,Sports and travel,74.97,1,3.7485,78.7185,2019-03-16,Cash,74.97,3.7485,5.6,2019,3,16,Not Satisfied
286-43-6208,Giza,Naypyitaw,Normal,Female,Food and beverages,87.8,9,39.51,829.71,2019-03-16,Cash,790.2,39.51,9.2,2019,3,16,Satisfied
220-68-6701,Alex,Yangon,Normal,Female,Home and lifestyle,77.47,4,15.494,325.374,2019-03-17,Cash,309.88,15.494,4.2,2019,3,17,Not Satisfied
662-47-5456,Giza,Naypyitaw,Member,Male,Fashion accessories,35.19,10,17.595,369.495,2019-03-17,Credit Card,351.9,17.595,8.4,2019,3,17,Satisfied
152-03-4217,Cairo,Mandalay,Normal,Female,Home and lifestyle,11.28,9,5.076,106.596,2019-03-17,Credit Card,101.52,5.076,4.3,2019,3,17,Not Satisfied
320-32-8842,Giza,Naypyitaw,Member,Female,Food and beverages,22.62,1,1.131,23.751,2019-03-17,Cash,22.62,1.131,6.4,2019,3,17,Not Satisfied
880-46-5796,Alex,Yangon,Member,Male,Sports and travel,76.92,10,38.46,807.66,2019-03-17,Ewallet,769.2,38.46,5.6,2019,3,17,Not Satisfied
642-30-6693,Cairo,Mandalay,Normal,Female,Sports and travel,54.51,6,16.353,343.413,2019-03-17,Ewallet,327.06,16.353,7.8,2019,3,17,Satisfied
439-54-7422,Alex,Yangon,Normal,Female,Electronic accessories,51.19,4,10.238,214.998,2019-03-18,Credit Card,204.76,10.238,4.7,2019,3,18,Not Satisfied
420-04-7590,Cairo,Mandalay,Normal,Male,Home and lifestyle,99.7,3,14.955,314.055,2019-03-18,Ewallet,299.1,14.955,4.7,2019,3,18,Not Satisfied
263-87-5680,Giza,Naypyitaw,Member,Female,Home and lifestyle,28.53,10,14.265,299.565,2019-03-18,Ewallet,285.3,14.265,7.8,2019,3,18,Satisfied
776-68-1096,Cairo,Mandalay,Normal,Male,Home and lifestyle,44.12,3,6.618,138.978,2019-03-18,Credit Card,132.36,6.618,7.9,2019,3,18,Satisfied
413-20-6708,Giza,Naypyitaw,Member,Female,Fashion accessories,51.47,1,2.5735,54.0435,2019-03-18,Ewallet,51.47,2.5735,8.5,2019,3,18,Satisfied
256-58-3609,Giza,Naypyitaw,Member,Male,Fashion accessories,91.98,1,4.599,96.579,2019-03-18,Cash,91.98,4.599,9.8,2019,3,18,Satisfied
485-30-8700,Alex,Yangon,Normal,Female,Sports and travel,33.26,5,8.315,174.615,2019-03-18,Credit Card,166.3,8.315,4.2,2019,3,18,Not Satisfied
831-07-6050,Alex,Yangon,Normal,Male,Electronic accessories,32.71,5,8.1775,171.7275,2019-03-19,Credit Card,163.55,8.1775,9.9,2019,3,19,Satisfied
462-78-5240,Giza,Naypyitaw,Normal,Female,Electronic accessories,26.61,2,2.661,55.881,2019-03-19,Cash,53.22,2.661,4.2,2019,3,19,Not Satisfied
716-39-1409,Cairo,Mandalay,Member,Female,Health and beauty,30.35,7,10.6225,223.0725,2019-03-19,Cash,212.45,10.6225,8.0,2019,3,19,Satisfied
593-08-5916,Alex,Yangon,Normal,Female,Fashion accessories,15.5,1,0.775,16.275,2019-03-19,Credit Card,15.5,0.775,7.4,2019,3,19,Satisfied
898-04-2717,Alex,Yangon,Normal,Male,Fashion accessories,76.4,9,34.38,721.98,2019-03-19,Ewallet,687.6,34.38,7.5,2019,3,19,Satisfied
737-88-5876,Alex,Yangon,Member,Male,Home and lifestyle,23.29,4,4.658,97.818,2019-03-19,Credit Card,93.16,4.658,5.9,2019,3,19,Not Satisfied
850-41-9669,Alex,Yangon,Normal,Female,Electronic accessories,75.06,9,33.777,709.317,2019-03-19,Ewallet,675.54,33.777,6.2,2019,3,19,Not Satisfied
318-81-2368,Giza,Naypyitaw,Normal,Female,Electronic accessories,46.2,1,2.31,48.51,2019-03-19,Cash,46.2,2.31,6.3,2019,3,19,Not Satisfied
574-22-5561,Giza,Naypyitaw,Member,Female,Fashion accessories,82.63,10,41.315,867.615,2019-03-19,Ewallet,826.3,41.315,7.9,2019,3,19,Satisfied
301-81-8610,Cairo,Mandalay,Member,Male,Fashion accessories,25.42,8,10.168,213.528,2019-03-19,Credit Card,203.36,10.168,6.7,2019,3,19,Not Satisfied
548-48-3156,Alex,Yangon,Member,Female,Food and beverages,83.34,2,8.334,175.014,2019-03-19,Cash,166.68,8.334,7.6,2019,3,19,Satisfied
568-90-5112,Giza,Naypyitaw,Normal,Male,Health and beauty,66.14,4,13.228,277.788,2019-03-19,Credit Card,264.56,13.228,5.6,2019,3,19,Not Satisfied
751-69-0068,Giza,Naypyitaw,Normal,Male,Sports and travel,99.24,9,44.658,937.818,2019-03-19,Ewallet,893.16,44.658,9.0,2019,3,19,Satisfied
728-88-7867,Giza,Naypyitaw,Member,Female,Home and lifestyle,75.53,4,15.106,317.226,2019-03-19,Ewallet,302.12,15.106,8.3,2019,3,19,Satisfied
701-23-5550,Cairo,Mandalay,Member,Male,Home and lifestyle,38.81,4,7.762,163.002,2019-03-19,Ewallet,155.24,7.762,4.9,2019,3,19,Not Satisfied
155-45-3814,Giza,Naypyitaw,Member,Female,Electronic accessories,88.55,8,35.42,743.82,2019-03-19,Ewallet,708.4,35.42,4.7,2019,3,19,Not Satisfied
509-29-3912,Alex,Yangon,Member,Female,Sports and travel,38.72,9,17.424,365.904,2019-03-20,Ewallet,348.48,17.424,4.2,2019,3,20,Not Satisfied
632-32-4574,Cairo,Mandalay,Normal,Male,Sports and travel,75.92,8,30.368,637.728,2019-03-20,Cash,607.36,30.368,5.5,2019,3,20,Not Satisfied
102-06-2002,Giza,Naypyitaw,Member,Male,Sports and travel,25.25,5,6.3125,132.5625,2019-03-20,Cash,126.25,6.3125,6.1,2019,3,20,Not Satisfied
828-61-5674,Alex,Yangon,Member,Male,Sports and travel,44.02,10,22.01,462.21,2019-03-20,Credit Card,440.2,22.01,9.6,2019,3,20,Satisfied
514-37-2845,Cairo,Mandalay,Normal,Male,Fashion accessories,99.25,2,9.925,208.425,2019-03-20,Cash,198.5,9.925,9.0,2019,3,20,Satisfied
142-63-6033,Cairo,Mandalay,Normal,Male,Home and lifestyle,92.36,5,23.09,484.89,2019-03-20,Ewallet,461.8,23.09,4.9,2019,3,20,Not Satisfied
451-28-5717,Giza,Naypyitaw,Member,Female,Home and lifestyle,83.17,6,24.951,523.971,2019-03-20,Cash,499.02,24.951,7.3,2019,3,20,Satisfied
650-98-6268,Cairo,Mandalay,Member,Female,Food and beverages,20.87,3,3.1305,65.7405,2019-03-20,Credit Card,62.61,3.1305,8.0,2019,3,20,Satisfied
760-90-2357,Alex,Yangon,Member,Male,Electronic accessories,74.51,6,22.353,469.413,2019-03-20,Ewallet,447.06,22.353,5.0,2019,3,20,Not Satisfied
805-86-0265,Alex,Yangon,Normal,Male,Home and lifestyle,93.96,9,42.282,887.922,2019-03-20,Cash,845.64,42.282,9.8,2019,3,20,Satisfied
436-54-4512,Alex,Yangon,Member,Female,Food and beverages,91.61,1,4.5805,96.1905,2019-03-20,Cash,91.61,4.5805,9.8,2019,3,20,Satisfied
537-72-0426,Giza,Naypyitaw,Member,Male,Fashion accessories,70.99,10,35.495,745.395,2019-03-20,Cash,709.9,35.495,5.7,2019,3,20,Not Satisfied
182-88-2763,Cairo,Mandalay,Member,Male,Food and beverages,79.91,3,11.9865,251.7165,2019-03-20,Credit Card,239.73,11.9865,5.0,2019,3,20,Not Satisfied
574-31-8277,Cairo,Mandalay,Member,Male,Fashion accessories,33.63,1,1.6815,35.3115,2019-03-20,Cash,33.63,1.6815,5.6,2019,3,20,Not Satisfied
213-72-6612,Alex,Yangon,Normal,Male,Food and beverages,43.25,2,4.325,90.825,2019-03-20,Cash,86.5,4.325,6.2,2019,3,20,Not Satisfied
827-26-2100,Alex,Yangon,Member,Male,Home and lifestyle,33.84,9,15.228,319.788,2019-03-21,Ewallet,304.56,15.228,8.8,2019,3,21,Satisfied
500-02-2261,Giza,Naypyitaw,Normal,Female,Food and beverages,57.29,6,17.187,360.927,2019-03-21,Ewallet,343.74,17.187,5.9,2019,3,21,Not Satisfied
512-98-1403,Alex,Yangon,Member,Female,Electronic accessories,26.48,3,3.972,83.412,2019-03-21,Ewallet,79.44,3.972,4.7,2019,3,21,Not Satisfied
438-01-4015,Cairo,Mandalay,Member,Female,Sports and travel,49.49,4,9.898,207.858,2019-03-21,Ewallet,197.96,9.898,6.6,2019,3,21,Not Satisfied
448-61-3783,Alex,Yangon,Normal,Female,Electronic accessories,90.02,8,36.008,756.168,2019-03-21,Credit Card,720.16,36.008,4.5,2019,3,21,Not Satisfied
527-09-6272,Alex,Yangon,Member,Female,Electronic accessories,28.45,5,7.1125,149.3625,2019-03-21,Credit Card,142.25,7.1125,9.1,2019,3,21,Satisfied
886-18-2897,Alex,Yangon,Normal,Female,Food and beverages,56.56,5,14.14,296.94,2019-03-22,Credit Card,282.8,14.14,4.5,2019,3,22,Not Satisfied
616-24-2851,Cairo,Mandalay,Member,Female,Fashion accessories,17.87,4,3.574,75.054,2019-03-22,Ewallet,71.48,3.574,6.5,2019,3,22,Not Satisfied
674-56-6360,Alex,Yangon,Normal,Male,Electronic accessories,95.15,1,4.7575,99.9075,2019-03-22,Cash,95.15,4.7575,6.0,2019,3,22,Not Satisfied
630-74-5166,Alex,Yangon,Member,Female,Sports and travel,62.13,6,18.639,391.419,2019-03-22,Cash,372.78,18.639,7.4,2019,3,22,Satisfied
227-03-5010,Alex,Yangon,Member,Female,Home and lifestyle,52.59,8,21.036,441.756,2019-03-22,Credit Card,420.72,21.036,8.5,2019,3,22,Satisfied
802-43-8934,Alex,Yangon,Normal,Male,Home and lifestyle,18.28,1,0.914,19.194,2019-03-22,Credit Card,18.28,0.914,8.3,2019,3,22,Satisfied
472-15-9636,Alex,Yangon,Normal,Male,Home and lifestyle,50.93,8,20.372,427.812,2019-03-22,Ewallet,407.44,20.372,9.2,2019,3,22,Satisfied
554-53-3790,Cairo,Mandalay,Normal,Male,Sports and travel,37.02,6,11.106,233.226,2019-03-22,Cash,222.12,11.106,4.5,2019,3,22,Not Satisfied
550-84-8664,Alex,Yangon,Normal,Male,Sports and travel,85.91,5,21.4775,451.0275,2019-03-22,Credit Card,429.55,21.4775,8.6,2019,3,22,Satisfied
394-30-3170,Cairo,Mandalay,Member,Female,Sports and travel,88.43,8,35.372,742.812,2019-03-22,Credit Card,707.44,35.372,4.3,2019,3,22,Not Satisfied
884-80-6021,Alex,Yangon,Member,Female,Electronic accessories,73.47,10,36.735,771.435,2019-03-23,Ewallet,734.7,36.735,9.5,2019,3,23,Satisfied
407-63-8975,Alex,Yangon,Normal,Male,Food and beverages,73.88,6,22.164,465.444,2019-03-23,Ewallet,443.28,22.164,4.4,2019,3,23,Not Satisfied
386-27-7606,Giza,Naypyitaw,Member,Female,Home and lifestyle,81.2,7,28.42,596.82,2019-03-23,Credit Card,568.4,28.42,8.1,2019,3,23,Satisfied
733-29-1227,Giza,Naypyitaw,Normal,Male,Home and lifestyle,55.61,7,19.4635,408.7335,2019-03-23,Cash,389.27,19.4635,8.5,2019,3,23,Satisfied
795-49-7276,Alex,Yangon,Normal,Male,Fashion accessories,37.15,4,7.43,156.03,2019-03-23,Ewallet,148.6,7.43,8.3,2019,3,23,Satisfied
608-96-3517,Cairo,Mandalay,Member,Female,Fashion accessories,91.54,4,18.308,384.468,2019-03-23,Credit Card,366.16,18.308,4.8,2019,3,23,Not Satisfied
333-73-7901,Giza,Naypyitaw,Member,Female,Health and beauty,54.92,8,21.968,461.328,2019-03-23,Ewallet,439.36,21.968,7.6,2019,3,23,Satisfied
865-92-6136,Alex,Yangon,Member,Female,Food and beverages,52.75,3,7.9125,253.512,2019-03-23,Ewallet,158.25,7.9125,9.3,2019,3,23,Satisfied
474-33-8305,Giza,Naypyitaw,Member,Male,Fashion accessories,67.39,7,23.5865,495.3165,2019-03-23,Ewallet,471.73,23.5865,6.9,2019,3,23,Not Satisfied
856-22-8149,Alex,Yangon,Normal,Female,Home and lifestyle,25.29,1,1.2645,26.5545,2019-03-23,Ewallet,25.29,1.2645,6.1,2019,3,23,Not Satisfied
851-28-6367,Alex,Yangon,Member,Male,Sports and travel,15.5,10,7.75,162.75,2019-03-23,Ewallet,155.0,7.75,8.0,2019,3,23,Satisfied
835-16-0096,Giza,Naypyitaw,Member,Male,Sports and travel,14.7,5,3.675,77.175,2019-03-24,Ewallet,73.5,3.675,8.5,2019,3,24,Satisfied
334-64-2006,Alex,Yangon,Member,Female,Home and lifestyle,70.32,2,7.032,147.672,2019-03-24,Ewallet,140.64,7.032,9.6,2019,3,24,Satisfied
641-62-7288,Cairo,Mandalay,Normal,Male,Home and lifestyle,99.92,6,29.976,629.496,2019-03-24,Ewallet,599.52,29.976,7.1,2019,3,24,Satisfied
851-98-3555,Cairo,Mandalay,Normal,Female,Health and beauty,82.88,5,20.72,435.12,2019-03-24,Credit Card,414.4,20.72,6.6,2019,3,24,Not Satisfied
118-62-1812,Giza,Naypyitaw,Member,Female,Home and lifestyle,78.38,4,15.676,329.196,2019-03-24,Cash,313.52,15.676,7.9,2019,3,24,Satisfied
468-88-0009,Alex,Yangon,Member,Male,Home and lifestyle,65.94,4,13.188,276.948,2019-03-24,Cash,263.76,13.188,6.0,2019,3,24,Not Satisfied
588-01-7461,Giza,Naypyitaw,Member,Female,Food and beverages,33.98,9,15.291,321.111,2019-03-24,Cash,305.82,15.291,4.2,2019,3,24,Not Satisfied
538-22-0304,Giza,Naypyitaw,Normal,Male,Electronic accessories,64.95,10,32.475,681.975,2019-03-24,Cash,649.5,32.475,5.2,2019,3,24,Not Satisfied
725-67-2480,Cairo,Mandalay,Member,Female,Fashion accessories,58.75,6,17.625,370.125,2019-03-24,Credit Card,352.5,17.625,5.9,2019,3,24,Not Satisfied
560-30-5617,Cairo,Mandalay,Normal,Female,Sports and travel,24.77,5,6.1925,130.0425,2019-03-24,Cash,123.85,6.1925,8.5,2019,3,24,Satisfied
593-95-4461,Giza,Naypyitaw,Member,Male,Home and lifestyle,74.86,1,3.743,78.603,2019-03-24,Cash,74.86,3.743,6.9,2019,3,24,Not Satisfied
110-05-6330,Giza,Naypyitaw,Normal,Female,Food and beverages,39.43,6,11.829,248.409,2019-03-25,Credit Card,236.58,11.829,9.4,2019,3,25,Satisfied
340-66-0321,Alex,Yangon,Member,Male,Electronic accessories,36.36,4,7.272,152.712,2019-03-25,Cash,145.44,7.272,7.6,2019,3,25,Satisfied
605-03-2706,Alex,Yangon,Normal,Female,Health and beauty,15.8,3,2.37,49.77,2019-03-25,Cash,47.4,2.37,9.5,2019,3,25,Satisfied
366-43-6862,Cairo,Mandalay,Normal,Male,Electronic accessories,52.89,4,10.578,222.138,2019-03-25,Ewallet,211.56,10.578,6.7,2019,3,25,Not Satisfied
134-75-2619,Alex,Yangon,Member,Male,Electronic accessories,19.32,7,6.762,142.002,2019-03-25,Cash,135.24,6.762,6.9,2019,3,25,Not Satisfied
282-35-2475,Cairo,Mandalay,Normal,Female,Sports and travel,93.31,2,9.331,195.951,2019-03-25,Cash,186.62,9.331,6.3,2019,3,25,Not Satisfied
156-95-3964,Alex,Yangon,Normal,Female,Food and beverages,54.795,4,11.078,232.638,2019-03-25,Ewallet,221.56,11.078,8.0,2019,3,25,Satisfied
362-58-8315,Giza,Naypyitaw,Member,Female,Fashion accessories,76.52,5,19.13,401.73,2019-03-25,Cash,382.6,19.13,9.9,2019,3,25,Satisfied
587-73-4862,Alex,Yangon,Member,Female,Health and beauty,54.795,5,2.6725,56.1225,2019-03-26,Ewallet,53.45,2.6725,7.6,2019,3,26,Satisfied
848-24-9445,Giza,Naypyitaw,Member,Male,Health and beauty,43.7,2,4.37,91.77,2019-03-26,Cash,87.4,4.37,4.9,2019,3,26,Not Satisfied
595-94-9924,Alex,Yangon,Member,Female,Health and beauty,27.73,5,6.9325,145.5825,2019-03-26,Credit Card,138.65,6.9325,4.2,2019,3,26,Not Satisfied
807-34-3742,Alex,Yangon,Normal,Male,Fashion accessories,52.38,1,2.619,54.999,2019-03-26,Cash,52.38,2.619,5.8,2019,3,26,Not Satisfied
760-53-9233,Alex,Yangon,Member,Male,Fashion accessories,41.28,3,6.192,130.032,2019-03-26,Credit Card,123.84,6.192,8.5,2019,3,26,Satisfied
163-56-7055,Giza,Naypyitaw,Member,Female,Fashion accessories,48.71,1,2.4355,253.512,2019-03-26,Cash,48.71,2.4355,4.1,2019,3,26,Not Satisfied
859-97-6048,Giza,Naypyitaw,Member,Male,Electronic accessories,84.25,2,8.425,176.925,2019-03-26,Credit Card,168.5,8.425,5.3,2019,3,26,Not Satisfied
449-27-2918,Cairo,Mandalay,Member,Female,Sports and travel,39.12,1,1.956,41.076,2019-03-26,Credit Card,39.12,1.956,9.6,2019,3,26,Satisfied
487-79-6868,Cairo,Mandalay,Member,Female,Home and lifestyle,12.29,9,5.5305,116.1405,2019-03-26,Credit Card,110.61,5.5305,8.0,2019,3,26,Satisfied
411-77-0180,Alex,Yangon,Member,Male,Electronic accessories,72.2,7,25.27,530.67,2019-03-26,Ewallet,505.4,25.27,4.3,2019,3,26,Not Satisfied
236-27-1144,Giza,Naypyitaw,Normal,Female,Food and beverages,16.31,9,7.3395,154.1295,2019-03-26,Ewallet,146.79,7.3395,8.4,2019,3,26,Satisfied
797-88-0493,Alex,Yangon,Normal,Female,Health and beauty,64.27,4,12.854,269.934,2019-03-26,Cash,257.08,12.854,7.7,2019,3,26,Satisfied
734-91-1155,Cairo,Mandalay,Normal,Female,Electronic accessories,45.71,3,6.8565,143.9865,2019-03-26,Credit Card,137.13,6.8565,7.7,2019,3,26,Satisfied
106-35-6779,Alex,Yangon,Member,Female,Home and lifestyle,44.34,2,4.434,253.512,2019-03-27,Cash,88.68,4.434,5.8,2019,3,27,Not Satisfied
633-44-8566,Alex,Yangon,Member,Female,Food and beverages,49.38,7,17.283,362.943,2019-03-27,Credit Card,345.66,17.283,7.3,2019,3,27,Satisfied
423-57-2993,Cairo,Mandalay,Normal,Male,Sports and travel,93.39,6,28.017,588.357,2019-03-27,Ewallet,560.34,28.017,10.0,2019,3,27,Satisfied
702-83-5291,Giza,Naypyitaw,Member,Male,Fashion accessories,99.82,9,44.919,943.299,2019-03-27,Cash,898.38,44.919,6.6,2019,3,27,Not Satisfied
176-64-7711,Cairo,Mandalay,Normal,Male,Food and beverages,32.32,3,4.848,101.808,2019-03-27,Credit Card,96.96,4.848,4.3,2019,3,27,Not Satisfied
278-86-2735,Alex,Yangon,Normal,Female,Food and beverages,52.34,3,7.851,164.871,2019-03-27,Cash,157.02,7.851,9.2,2019,3,27,Satisfied
186-71-5196,Alex,Yangon,Member,Female,Food and beverages,79.54,2,7.954,167.034,2019-03-27,Ewallet,159.08,7.954,6.2,2019,3,27,Not Satisfied
794-32-2436,Cairo,Mandalay,Member,Male,Electronic accessories,55.67,2,5.567,116.907,2019-03-27,Ewallet,111.34,5.567,6.0,2019,3,27,Not Satisfied
313-66-9943,Cairo,Mandalay,Member,Female,Food and beverages,29.15,3,4.3725,91.8225,2019-03-27,Credit Card,87.45,4.3725,7.3,2019,3,27,Satisfied
238-49-0436,Alex,Yangon,Normal,Male,Health and beauty,32.46,8,12.984,272.664,2019-03-27,Credit Card,259.68,12.984,4.9,2019,3,27,Not Satisfied
420-97-3340,Alex,Yangon,Normal,Female,Food and beverages,71.68,3,10.752,225.792,2019-03-28,Credit Card,215.04,10.752,9.2,2019,3,28,Satisfied
470-32-9057,Alex,Yangon,Member,Male,Food and beverages,51.34,5,12.835,269.535,2019-03-28,Credit Card,256.7,12.835,9.1,2019,3,28,Satisfied
633-09-3463,Giza,Naypyitaw,Normal,Female,Electronic accessories,47.65,3,7.1475,150.0975,2019-03-28,Credit Card,142.95,7.1475,9.5,2019,3,28,Satisfied
544-32-5024,Giza,Naypyitaw,Member,Female,Food and beverages,49.79,4,9.958,209.118,2019-03-28,Credit Card,199.16,9.958,6.4,2019,3,28,Not Satisfied
531-80-1784,Alex,Yangon,Normal,Male,Electronic accessories,26.02,7,9.107,191.247,2019-03-28,Cash,182.14,9.107,5.1,2019,3,28,Not Satisfied
333-23-2632,Alex,Yangon,Member,Male,Health and beauty,10.08,7,3.528,74.088,2019-03-28,Cash,70.56,3.528,4.2,2019,3,28,Not Satisfied
212-62-1842,Alex,Yangon,Member,Female,Food and beverages,58.26,6,17.478,367.038,2019-03-28,Cash,349.56,17.478,9.9,2019,3,28,Satisfied
266-76-6436,Giza,Naypyitaw,Member,Female,Food and beverages,38.6,3,5.79,121.59,2019-03-28,Ewallet,115.8,5.79,7.5,2019,3,28,Satisfied
857-16-3520,Alex,Yangon,Member,Female,Fashion accessories,71.46,7,25.011,525.231,2019-03-28,Ewallet,500.22,25.011,4.5,2019,3,28,Not Satisfied
573-58-9734,Cairo,Mandalay,Normal,Female,Fashion accessories,30.37,3,4.5555,95.6655,2019-03-28,Ewallet,91.11,4.5555,5.1,2019,3,28,Not Satisfied
766-85-7061,Cairo,Mandalay,Member,Female,Health and beauty,87.87,10,43.935,253.512,2019-03-29,Ewallet,878.7,43.935,5.1,2019,3,29,Not Satisfied
425-85-2085,Cairo,Mandalay,Member,Male,Health and beauty,54.86,5,13.715,288.015,2019-03-29,Ewallet,274.3,13.715,9.8,2019,3,29,Satisfied
727-75-6477,Giza,Naypyitaw,Normal,Male,Electronic accessories,28.84,4,5.768,121.128,2019-03-29,Cash,115.36,5.768,6.4,2019,3,29,Not Satisfied
218-59-9410,Alex,Yangon,Member,Female,Home and lifestyle,72.42,3,10.863,228.123,2019-03-29,Ewallet,217.26,10.863,8.2,2019,3,29,Satisfied
291-21-5991,Cairo,Mandalay,Member,Male,Health and beauty,61.29,5,15.3225,321.7725,2019-03-29,Cash,306.45,15.3225,7.0,2019,3,29,Satisfied
186-79-9562,Cairo,Mandalay,Normal,Male,Health and beauty,71.77,7,25.1195,527.5095,2019-03-29,Cash,502.39,25.1195,8.9,2019,3,29,Satisfied
267-62-7380,Giza,Naypyitaw,Member,Male,Electronic accessories,82.34,10,41.17,864.57,2019-03-29,Ewallet,823.4,41.17,4.3,2019,3,29,Not Satisfied
642-61-4706,Cairo,Mandalay,Member,Male,Food and beverages,93.4,2,9.34,196.14,2019-03-30,Cash,186.8,9.34,5.5,2019,3,30,Not Satisfied
131-15-8856,Giza,Naypyitaw,Member,Female,Food and beverages,72.52,8,29.008,609.168,2019-03-30,Credit Card,580.16,29.008,4.0,2019,3,30,Not Satisfied
286-01-5402,Alex,Yangon,Normal,Female,Sports and travel,40.23,7,14.0805,295.6905,2019-03-30,Cash,281.61,14.0805,9.6,2019,3,30,Satisfied
676-39-6028,Alex,Yangon,Member,Female,Electronic accessories,64.44,5,16.11,338.31,2019-03-30,Cash,322.2,16.11,6.6,2019,3,30,Not Satisfied
731-59-7531,Cairo,Mandalay,Member,Male,Health and beauty,72.57,8,29.028,609.588,2019-03-30,Cash,580.56,29.028,4.6,2019,3,30,Not Satisfied
115-38-7388,Giza,Naypyitaw,Member,Female,Fashion accessories,10.18,8,4.072,85.512,2019-03-30,Credit Card,81.44,4.072,9.5,2019,3,30,Satisfied
291-55-6563,Alex,Yangon,Member,Female,Home and lifestyle,34.42,6,10.326,216.846,2019-03-30,Ewallet,206.52,10.326,7.5,2019,3,30,Satisfied
743-04-1105,Cairo,Mandalay,Member,Male,Health and beauty,97.22,9,43.749,918.729,2019-03-30,Ewallet,874.98,43.749,6.0,2019,3,30,Not Satisfied
778-89-7974,Giza,Naypyitaw,Normal,Male,Health and beauty,70.21,6,21.063,442.323,2019-03-30,Cash,421.26,21.063,7.4,2019,3,30,Satisfied
364-34-2972,Giza,Naypyitaw,Member,Male,Electronic accessories,96.82,3,14.523,304.983,2019-03-30,Cash,290.46,14.523,6.7,2019,3,30,Not Satisfied
361-85-2571,Alex,Yangon,Normal,Female,Sports and travel,89.48,5,22.37,469.77,2019-03-30,Cash,447.4,22.37,7.4,2019,3,30,Satisfied
